"Year","SSP_Scenario","Scenario_region","Population","Type","Total_kg","total_Kt"
2015,"SSP1","Central Europe",900712443.824514,"beef_tot",6987884388.57139,6987.88438857139
2015,"SSP1","East Asia",900712443.824514,"beef_tot",5366618892.34261,5366.61889234261
2015,"SSP1","North Africa and Middle East",900712443.824514,"beef_tot",5598739151.52888,5598.73915152888
2015,"SSP1","Central Latin America",900712443.824514,"beef_tot",6404215605.05571,6404.21560505571
2015,"SSP2","North Africa and Middle East",910603596.138927,"beef_tot",5650543782.35106,5650.54378235106
2015,"SSP2","Central Europe",910603596.138927,"beef_tot",7057194611.45152,7057.19461145152
2015,"SSP2","Central Latin America",910603596.138927,"beef_tot",6463984074.07764,6463.98407407764
2015,"SSP2","East Asia",910603596.138927,"beef_tot",5416926662.75702,5416.92666275702
2015,"SSP3","North Africa and Middle East",918630017.638777,"beef_tot",5708968285.95998,5708.96828595998
2015,"SSP3","Central Latin America",918630017.638777,"beef_tot",6530614978.41335,6530.61497841335
2015,"SSP3","East Asia",918630017.638777,"beef_tot",5475017586.03498,5475.01758603498
2015,"SSP3","Central Europe",918630017.638777,"beef_tot",7133246393.14136,7133.24639314136
2015,"SSP4","Central Latin America",918135325.131269,"beef_tot",6522781403.17544,6522.78140317544
2015,"SSP4","East Asia",918135325.131269,"beef_tot",5478904643.49733,5478.90464349733
2015,"SSP4","North Africa and Middle East",918135325.131269,"beef_tot",5707203815.94508,5707.20381594508
2015,"SSP4","Central Europe",918135325.131269,"beef_tot",7129405060.42075,7129.40506042075
2015,"SSP5","East Asia",900141094.224691,"beef_tot",5362658618.79592,5362.65861879592
2015,"SSP5","Central Europe",900141094.224691,"beef_tot",6987930860.71271,6987.93086071271
2015,"SSP5","Central Latin America",900141094.224691,"beef_tot",6408316143.68221,6408.31614368221
2015,"SSP5","North Africa and Middle East",900141094.224691,"beef_tot",5603726437.54491,5603.72643754491
2020,"SSP1","Central Europe",996712840.31437,"beef_tot",7773933802.62422,7773.93380262422
2020,"SSP1","East Asia",996712840.31437,"beef_tot",5979341587.33348,5979.34158733348
2020,"SSP1","North Africa and Middle East",996712840.31437,"beef_tot",6068102971.27114,6068.10297127114
2020,"SSP1","Central Latin America",996712840.31437,"beef_tot",6968496812.98408,6968.49681298408
2020,"SSP2","North Africa and Middle East",1022193524.96734,"beef_tot",6193760927.52673,6193.76092752673
2020,"SSP2","Central Europe",1022193524.96734,"beef_tot",7953193883.31315,7953.19388331315
2020,"SSP2","Central Latin America",1022193524.96734,"beef_tot",7106219896.69486,7106.21989669486
2020,"SSP2","East Asia",1022193524.96734,"beef_tot",6080020131.64214,6080.02013164214
2020,"SSP3","North Africa and Middle East",1045757432.98215,"beef_tot",6358428864.27707,6358.42886427707
2020,"SSP3","Central Latin America",1045757432.98215,"beef_tot",7255071915.03337,7255.07191503337
2020,"SSP3","East Asia",1045757432.98215,"beef_tot",6214451533.05018,6214.45153305018
2020,"SSP3","Central Europe",1045757432.98215,"beef_tot",8143014674.78053,8143.01467478053
2020,"SSP4","Central Latin America",1044232336.73396,"beef_tot",7237530981.97352,7237.53098197352
2020,"SSP4","East Asia",1044232336.73396,"beef_tot",6206240835.95836,6206.24083595836
2020,"SSP4","North Africa and Middle East",1044232336.73396,"beef_tot",6345563213.52548,6345.56321352548
2020,"SSP4","Central Europe",1044232336.73396,"beef_tot",8121897149.24426,8121.89714924426
2020,"SSP5","East Asia",994750142.535825,"beef_tot",6022298565.3134,6022.2985653134
2020,"SSP5","Central Europe",994750142.535825,"beef_tot",7791348126.50542,7791.34812650542
2020,"SSP5","Central Latin America",994750142.535825,"beef_tot",6996802198.98287,6996.80219898287
2020,"SSP5","North Africa and Middle East",994750142.535825,"beef_tot",6091957724.33144,6091.95772433144
2025,"SSP1","Central Europe",1091533249.81059,"beef_tot",9009503618.99306,9009.50361899306
2025,"SSP1","East Asia",1091533249.81059,"beef_tot",7221303144.83501,7221.30314483501
2025,"SSP1","North Africa and Middle East",1091533249.81059,"beef_tot",7061749913.67531,7061.74991367531
2025,"SSP1","Central Latin America",1091533249.81059,"beef_tot",8222940146.15212,8222.94014615212
2025,"SSP2","North Africa and Middle East",1137645211.04193,"beef_tot",7138919451.01034,7138.91945101034
2025,"SSP2","Central Europe",1137645211.04193,"beef_tot",9227907323.66364,9227.90732366365
2025,"SSP2","Central Latin America",1137645211.04193,"beef_tot",8133486955.95864,8133.48695595865
2025,"SSP2","East Asia",1137645211.04193,"beef_tot",7139690973.09988,7139.69097309988
2025,"SSP3","North Africa and Middle East",1185186940.95101,"beef_tot",7101881236.95534,7101.88123695534
2025,"SSP3","Central Latin America",1185186940.95101,"beef_tot",8255358379.02001,8255.35837902001
2025,"SSP3","East Asia",1185186940.95101,"beef_tot",7081351682.7328,7081.3516827328
2025,"SSP3","Central Europe",1185186940.95101,"beef_tot",9340288320.18379,9340.28832018379
2025,"SSP4","Central Latin America",1181892226.26957,"beef_tot",8232732757.19569,8232.73275719569
2025,"SSP4","East Asia",1181892226.26957,"beef_tot",7061666152.50346,7061.66615250346
2025,"SSP4","North Africa and Middle East",1181892226.26957,"beef_tot",7082138636.38429,7082.13863638429
2025,"SSP4","Central Europe",1181892226.26957,"beef_tot",9314323146.25716,9314.32314625716
2025,"SSP5","East Asia",1087101836.11198,"beef_tot",7444362726.57181,7444.36272657181
2025,"SSP5","Central Europe",1087101836.11198,"beef_tot",9097274421.4434,9097.2744214434
2025,"SSP5","Central Latin America",1087101836.11198,"beef_tot",8498693942.54264,8498.69394254264
2025,"SSP5","North Africa and Middle East",1087101836.11198,"beef_tot",7117326529.31693,7117.32652931693
2030,"SSP1","Central Europe",1181202385.29684,"beef_tot",11251981059.7497,11251.9810597497
2030,"SSP1","East Asia",1181202385.29684,"beef_tot",9279607319.98649,9279.60731998649
2030,"SSP1","North Africa and Middle East",1181202385.29684,"beef_tot",8508104902.34557,8508.10490234557
2030,"SSP1","Central Latin America",1181202385.29684,"beef_tot",10384606223.9487,10384.6062239487
2030,"SSP2","North Africa and Middle East",1255444397.1806,"beef_tot",8371911792.16218,8371.91179216218
2030,"SSP2","Central Europe",1255444397.1806,"beef_tot",10757628859.3517,10757.6288593517
2030,"SSP2","Central Latin America",1255444397.1806,"beef_tot",9685044551.88041,9685.04455188041
2030,"SSP2","East Asia",1255444397.1806,"beef_tot",8586461460.61057,8586.46146061057
2030,"SSP3","North Africa and Middle East",1337405242.76044,"beef_tot",8230789423.57764,8230.78942357764
2030,"SSP3","Central Latin America",1337405242.76044,"beef_tot",9432097145.76523,9432.09714576523
2030,"SSP3","East Asia",1337405242.76044,"beef_tot",8149470923.16537,8149.47092316537
2030,"SSP3","Central Europe",1337405242.76044,"beef_tot",10956663904.0815,10956.6639040815
2030,"SSP4","Central Latin America",1331684743.97647,"beef_tot",9429125988.8673,9429.1259888673
2030,"SSP4","East Asia",1331684743.97647,"beef_tot",8179803631.71086,8179.80363171086
2030,"SSP4","North Africa and Middle East",1331684743.97647,"beef_tot",8248448164.88037,8248.44816488037
2030,"SSP4","Central Europe",1331684743.97647,"beef_tot",10973480670.1986,10973.4806701986
2030,"SSP5","East Asia",1173819717.37501,"beef_tot",9633817710.40321,9633.81771040321
2030,"SSP5","Central Europe",1173819717.37501,"beef_tot",11448663323.9601,11448.6633239601
2030,"SSP5","Central Latin America",1173819717.37501,"beef_tot",10842236416.0699,10842.2364160699
2030,"SSP5","North Africa and Middle East",1173819717.37501,"beef_tot",8597036498.22007,8597.03649822007
2035,"SSP1","Central Europe",1268628968.5527,"beef_tot",13252088776.3664,13252.0887763664
2035,"SSP1","East Asia",1268628968.5527,"beef_tot",11075178826.4826,11075.1788264826
2035,"SSP1","North Africa and Middle East",1268628968.5527,"beef_tot",9875132866.27038,9875.13286627038
2035,"SSP1","Central Latin America",1268628968.5527,"beef_tot",12688229389.0145,12688.2293890145
2035,"SSP2","North Africa and Middle East",1373973759.14438,"beef_tot",10102102791.3591,10102.1027913591
2035,"SSP2","Central Europe",1373973759.14438,"beef_tot",13554890178.9688,13554.8901789688
2035,"SSP2","Central Latin America",1373973759.14438,"beef_tot",12145905273.0328,12145.9052730328
2035,"SSP2","East Asia",1373973759.14438,"beef_tot",11093248035.7921,11093.2480357921
2035,"SSP3","North Africa and Middle East",1495467392.44111,"beef_tot",9613983322.74389,9613.98332274389
2035,"SSP3","Central Latin America",1495467392.44111,"beef_tot",10758113546.2246,10758.1135462246
2035,"SSP3","East Asia",1495467392.44111,"beef_tot",9769769217.22758,9769.76921722759
2035,"SSP3","Central Europe",1495467392.44111,"beef_tot",12939711330.2971,12939.7113302971
2035,"SSP4","Central Latin America",1486389922.16878,"beef_tot",10955239013.2456,10955.2390132456
2035,"SSP4","East Asia",1486389922.16878,"beef_tot",9949378656.61345,9949.37865661345
2035,"SSP4","North Africa and Middle East",1486389922.16878,"beef_tot",9766058259.19617,9766.05825919617
2035,"SSP4","Central Europe",1486389922.16878,"beef_tot",13074250589.2985,13074.2505892985
2035,"SSP5","East Asia",1257851769.39312,"beef_tot",11588809224.1997,11588.8092241997
2035,"SSP5","Central Europe",1257851769.39312,"beef_tot",13758708372.341,13758.708372341
2035,"SSP5","Central Latin America",1257851769.39312,"beef_tot",13789444793.9366,13789.4447939366
2035,"SSP5","North Africa and Middle East",1257851769.39312,"beef_tot",10465827640.852,10465.827640852
2040,"SSP1","Central Europe",1350538145.01664,"beef_tot",15034711359.2472,15034.7113592472
2040,"SSP1","East Asia",1350538145.01664,"beef_tot",12809931087.8638,12809.9310878638
2040,"SSP1","North Africa and Middle East",1350538145.01664,"beef_tot",11269784306.1152,11269.7843061152
2040,"SSP1","Central Latin America",1350538145.01664,"beef_tot",16010337226.5562,16010.3372265562
2040,"SSP2","North Africa and Middle East",1491265642.64493,"beef_tot",11175793613.4827,11175.7936134827
2040,"SSP2","Central Europe",1491265642.64493,"beef_tot",15512542370.7889,15512.5423707889
2040,"SSP2","Central Latin America",1491265642.64493,"beef_tot",14318462779.1753,14318.4627791753
2040,"SSP2","East Asia",1491265642.64493,"beef_tot",12790111117.5608,12790.1111175608
2040,"SSP3","North Africa and Middle East",1659910200.50307,"beef_tot",10875258829.3537,10875.2588293537
2040,"SSP3","Central Latin America",1659910200.50307,"beef_tot",12306470508.49,12306.47050849
2040,"SSP3","East Asia",1659910200.50307,"beef_tot",11316857729.4495,11316.8577294495
2040,"SSP3","Central Europe",1659910200.50307,"beef_tot",14818783367.711,14818.783367711
2040,"SSP4","Central Latin America",1646655145.30006,"beef_tot",12580782534.6112,12580.7825346112
2040,"SSP4","East Asia",1646655145.30006,"beef_tot",11559425731.136,11559.425731136
2040,"SSP4","North Africa and Middle East",1646655145.30006,"beef_tot",10908791103.7807,10908.7911037807
2040,"SSP4","Central Europe",1646655145.30006,"beef_tot",14807984084.1965,14807.9840841965
2040,"SSP5","East Asia",1335860194.28455,"beef_tot",14084520935.8668,14084.5209358668
2040,"SSP5","Central Europe",1335860194.28455,"beef_tot",15695525789.388,15695.525789388
2040,"SSP5","Central Latin America",1335860194.28455,"beef_tot",18320885881.4569,18320.8858814569
2040,"SSP5","North Africa and Middle East",1335860194.28455,"beef_tot",11957567255.3958,11957.5672553958
2045,"SSP1","Central Europe",1424136935.72288,"beef_tot",16946703107.405,16946.703107405
2045,"SSP1","East Asia",1424136935.72288,"beef_tot",15649852597.9532,15649.8525979532
2045,"SSP1","North Africa and Middle East",1424136935.72288,"beef_tot",12776637358.5938,12776.6373585938
2045,"SSP1","Central Latin America",1424136935.72288,"beef_tot",19905684738.8349,19905.6847388349
2045,"SSP2","North Africa and Middle East",1605175585.1326,"beef_tot",12982438745.7166,12982.4387457166
2045,"SSP2","Central Europe",1605175585.1326,"beef_tot",17620092567.6033,17620.0925676033
2045,"SSP2","Central Latin America",1605175585.1326,"beef_tot",16813684259.6823,16813.6842596823
2045,"SSP2","East Asia",1605175585.1326,"beef_tot",14950105935.5282,14950.1059355282
2045,"SSP3","North Africa and Middle East",1830109832.57829,"beef_tot",12189442560.125,12189.442560125
2045,"SSP3","Central Latin America",1830109832.57829,"beef_tot",13895408671.4838,13895.4086714838
2045,"SSP3","East Asia",1830109832.57829,"beef_tot",12971313012.6217,12971.3130126217
2045,"SSP3","Central Europe",1830109832.57829,"beef_tot",16665399782.5474,16665.3997825474
2045,"SSP4","Central Latin America",1811950674.46014,"beef_tot",15025422979.7583,15025.4229797583
2045,"SSP4","East Asia",1811950674.46014,"beef_tot",14322869276.1532,14322.8692761532
2045,"SSP4","North Africa and Middle East",1811950674.46014,"beef_tot",12735861593.1705,12735.8615931705
2045,"SSP4","Central Europe",1811950674.46014,"beef_tot",17630292559.2046,17630.2925592046
2045,"SSP5","East Asia",1405100374.06876,"beef_tot",16403342534.5342,16403.3425345342
2045,"SSP5","Central Europe",1405100374.06876,"beef_tot",17078520396.0933,17078.5203960933
2045,"SSP5","Central Latin America",1405100374.06876,"beef_tot",21373057258.347,21373.057258347
2045,"SSP5","North Africa and Middle East",1405100374.06876,"beef_tot",13296824595.6906,13296.8245956906
2050,"SSP1","Central Europe",1488035847.16757,"beef_tot",17906783822.8529,17906.7838228529
2050,"SSP1","East Asia",1488035847.16757,"beef_tot",17264910425.2905,17264.9104252905
2050,"SSP1","North Africa and Middle East",1488035847.16757,"beef_tot",13843325982.8192,13843.3259828192
2050,"SSP1","Central Latin America",1488035847.16757,"beef_tot",22325475571.4203,22325.4755714203
2050,"SSP2","North Africa and Middle East",1714457208.77821,"beef_tot",14476306579.8842,14476.3065798842
2050,"SSP2","Central Europe",1714457208.77821,"beef_tot",18943410247.2598,18943.4102472598
2050,"SSP2","Central Latin America",1714457208.77821,"beef_tot",19931602679.6484,19931.6026796484
2050,"SSP2","East Asia",1714457208.77821,"beef_tot",16474819154.6606,16474.8191546606
2050,"SSP3","North Africa and Middle East",2004913219.23997,"beef_tot",14136101074.2074,14136.1010742074
2050,"SSP3","Central Latin America",2004913219.23997,"beef_tot",16737538749.0494,16737.5387490495
2050,"SSP3","East Asia",2004913219.23997,"beef_tot",14864870830.9753,14864.8708309753
2050,"SSP3","Central Europe",2004913219.23997,"beef_tot",18787215482.7473,18787.2154827473
2050,"SSP4","Central Latin America",1981120263.91221,"beef_tot",17916191515.91,17916.19151591
2050,"SSP4","East Asia",1981120263.91221,"beef_tot",16400717705.3451,16400.7177053451
2050,"SSP4","North Africa and Middle East",1981120263.91221,"beef_tot",14734585178.2367,14734.5851782367
2050,"SSP4","Central Europe",1981120263.91221,"beef_tot",19950851948.0338,19950.8519480338
2050,"SSP5","East Asia",1464277473.14625,"beef_tot",17740484016.691,17740.484016691
2050,"SSP5","Central Europe",1464277473.14625,"beef_tot",17690517314.3498,17690.5173143498
2050,"SSP5","Central Latin America",1464277473.14625,"beef_tot",21964500072.1907,21964.5000721907
2050,"SSP5","North Africa and Middle East",1464277473.14625,"beef_tot",13915807166.3239,13915.8071663239
2015,"SSP1","Central Europe",900712443.824514,"poultry_tot",4546983010.44651,4546.98301044651
2015,"SSP1","East Asia",900712443.824514,"poultry_tot",4510810527.37572,4510.81052737572
2015,"SSP1","North Africa and Middle East",900712443.824514,"poultry_tot",3907841023.84159,3907.84102384159
2015,"SSP1","Central Latin America",900712443.824514,"poultry_tot",5225096965.88272,5225.09696588272
2015,"SSP2","North Africa and Middle East",910603596.138927,"poultry_tot",3939067163.62393,3939.06716362393
2015,"SSP2","Central Europe",910603596.138927,"poultry_tot",4590947742.54329,4590.94774254329
2015,"SSP2","Central Latin America",910603596.138927,"poultry_tot",5283702978.95473,5283.70297895473
2015,"SSP2","East Asia",910603596.138927,"poultry_tot",4557445219.74686,4557.44521974686
2015,"SSP3","North Africa and Middle East",918630017.638777,"poultry_tot",3955813268.84234,3955.81326884234
2015,"SSP3","Central Latin America",918630017.638777,"poultry_tot",5319738145.74451,5319.73814574451
2015,"SSP3","East Asia",918630017.638777,"poultry_tot",4589239225.03379,4589.23922503379
2015,"SSP3","Central Europe",918630017.638777,"poultry_tot",4622219322.1874,4622.2193221874
2015,"SSP4","Central Latin America",918135325.131269,"poultry_tot",5317667594.49254,5317.66759449254
2015,"SSP4","East Asia",918135325.131269,"poultry_tot",4572288695.93604,4572.28869593604
2015,"SSP4","North Africa and Middle East",918135325.131269,"poultry_tot",3948168698.52579,3948.16869852579
2015,"SSP4","Central Europe",918135325.131269,"poultry_tot",4619730205.54323,4619.73020554323
2015,"SSP5","East Asia",900141094.224691,"poultry_tot",4503136834.3747,4503.1368343747
2015,"SSP5","Central Europe",900141094.224691,"poultry_tot",4543758465.97066,4543.75846597066
2015,"SSP5","Central Latin America",900141094.224691,"poultry_tot",5218994532.05472,5218.99453205472
2015,"SSP5","North Africa and Middle East",900141094.224691,"poultry_tot",3906215236.6891,3906.2152366891
2020,"SSP1","Central Europe",996712840.31437,"poultry_tot",5552687490.47999,5552.68749047999
2020,"SSP1","East Asia",996712840.31437,"poultry_tot",5596901798.64304,5596.90179864304
2020,"SSP1","North Africa and Middle East",996712840.31437,"poultry_tot",4878826851.62005,4878.82685162005
2020,"SSP1","Central Latin America",996712840.31437,"poultry_tot",6588837552.52217,6588.83755252217
2020,"SSP2","North Africa and Middle East",1022193524.96734,"poultry_tot",4935114196.69982,4935.11419669982
2020,"SSP2","Central Europe",1022193524.96734,"poultry_tot",5625521028.02048,5625.52102802048
2020,"SSP2","Central Latin America",1022193524.96734,"poultry_tot",6686742258.72754,6686.74225872754
2020,"SSP2","East Asia",1022193524.96734,"poultry_tot",5600277496.50053,5600.27749650053
2020,"SSP3","North Africa and Middle East",1045757432.98215,"poultry_tot",4957499286.44418,4957.49928644418
2020,"SSP3","Central Latin America",1045757432.98215,"poultry_tot",6715889640.9702,6715.8896409702
2020,"SSP3","East Asia",1045757432.98215,"poultry_tot",5579993614.98306,5579.99361498306
2020,"SSP3","Central Europe",1045757432.98215,"poultry_tot",5722189780.61135,5722.18978061135
2020,"SSP4","Central Latin America",1044232336.73396,"poultry_tot",6691297488.75919,6691.29748875919
2020,"SSP4","East Asia",1044232336.73396,"poultry_tot",5576827946.86649,5576.82794686649
2020,"SSP4","North Africa and Middle East",1044232336.73396,"poultry_tot",4952438544.61943,4952.43854461943
2020,"SSP4","Central Europe",1044232336.73396,"poultry_tot",5719471990.20273,5719.47199020273
2020,"SSP5","East Asia",994750142.535825,"poultry_tot",5612769717.28856,5612.76971728856
2020,"SSP5","Central Europe",994750142.535825,"poultry_tot",5544197689.91142,5544.19768991142
2020,"SSP5","Central Latin America",994750142.535825,"poultry_tot",6617102832.69156,6617.10283269156
2020,"SSP5","North Africa and Middle East",994750142.535825,"poultry_tot",4911868111.5859,4911.8681115859
2025,"SSP1","Central Europe",1091533249.81059,"poultry_tot",7159967535.20241,7159.96753520241
2025,"SSP1","East Asia",1091533249.81059,"poultry_tot",7399287932.81584,7399.28793281584
2025,"SSP1","North Africa and Middle East",1091533249.81059,"poultry_tot",6654215362.72971,6654.21536272971
2025,"SSP1","Central Latin America",1091533249.81059,"poultry_tot",9054732074.53408,9054.73207453408
2025,"SSP2","North Africa and Middle East",1137645211.04193,"poultry_tot",6260070029.71683,6260.07002971683
2025,"SSP2","Central Europe",1137645211.04193,"poultry_tot",6853275283.94043,6853.27528394043
2025,"SSP2","Central Latin America",1137645211.04193,"poultry_tot",8348551054.34183,8348.55105434183
2025,"SSP2","East Asia",1137645211.04193,"poultry_tot",6896216113.24753,6896.21611324753
2025,"SSP3","North Africa and Middle East",1185186940.95101,"poultry_tot",6101045162.87471,6101.04516287471
2025,"SSP3","Central Latin America",1185186940.95101,"poultry_tot",8294694996.96503,8294.69499696503
2025,"SSP3","East Asia",1185186940.95101,"poultry_tot",6647159100.64947,6647.15910064947
2025,"SSP3","Central Europe",1185186940.95101,"poultry_tot",6892333634.34516,6892.33363434516
2025,"SSP4","Central Latin America",1181892226.26957,"poultry_tot",8271812286.3,8271.8122863
2025,"SSP4","East Asia",1181892226.26957,"poultry_tot",6628680587.32635,6628.68058732635
2025,"SSP4","North Africa and Middle East",1181892226.26957,"poultry_tot",6084084797.90975,6084.08479790975
2025,"SSP4","Central Europe",1181892226.26957,"poultry_tot",6873173557.54224,6873.17355754224
2025,"SSP5","East Asia",1087101836.11198,"poultry_tot",7708513188.61288,7708.51318861288
2025,"SSP5","Central Europe",1087101836.11198,"poultry_tot",7397263198.31251,7397.26319831251
2025,"SSP5","Central Latin America",1087101836.11198,"poultry_tot",9694312255.38585,9694.31225538585
2025,"SSP5","North Africa and Middle East",1087101836.11198,"poultry_tot",6918007663.00959,6918.00766300959
2030,"SSP1","Central Europe",1181202385.29684,"poultry_tot",9949877440.21362,9949.87744021362
2030,"SSP1","East Asia",1181202385.29684,"poultry_tot",10013813202.002,10013.813202002
2030,"SSP1","North Africa and Middle East",1181202385.29684,"poultry_tot",9625441905.82949,9625.44190582949
2030,"SSP1","Central Latin America",1181202385.29684,"poultry_tot",13679485460.8408,13679.4854608408
2030,"SSP2","North Africa and Middle East",1255444397.1806,"poultry_tot",8629995036.30457,8629.99503630457
2030,"SSP2","Central Europe",1255444397.1806,"poultry_tot",9118290843.30304,9118.29084330304
2030,"SSP2","Central Latin America",1255444397.1806,"poultry_tot",11609073586.0411,11609.0735860411
2030,"SSP2","East Asia",1255444397.1806,"poultry_tot",9131896976.0355,9131.8969760355
2030,"SSP3","North Africa and Middle East",1337405242.76044,"poultry_tot",7725881125.58731,7725.88112558731
2030,"SSP3","Central Latin America",1337405242.76044,"poultry_tot",10098452153.914,10098.452153914
2030,"SSP3","East Asia",1337405242.76044,"poultry_tot",8033297317.5891,8033.2973175891
2030,"SSP3","Central Europe",1337405242.76044,"poultry_tot",8430328465.44035,8430.32846544035
2030,"SSP4","Central Latin America",1331684743.97647,"poultry_tot",10161748128.4798,10161.7481284798
2030,"SSP4","East Asia",1331684743.97647,"poultry_tot",8134451263.47706,8134.45126347706
2030,"SSP4","North Africa and Middle East",1331684743.97647,"poultry_tot",7821317316.87053,7821.31731687053
2030,"SSP4","Central Europe",1331684743.97647,"poultry_tot",8434903401.87942,8434.90340187942
2030,"SSP5","East Asia",1173819717.37501,"poultry_tot",10162173305.271,10162.1733052709
2030,"SSP5","Central Europe",1173819717.37501,"poultry_tot",10264109630.8116,10264.1096308116
2030,"SSP5","Central Latin America",1173819717.37501,"poultry_tot",13626856297.5473,13626.8562975473
2030,"SSP5","North Africa and Middle East",1173819717.37501,"poultry_tot",9935333911.86824,9935.33391186824
2035,"SSP1","Central Europe",1268628968.5527,"poultry_tot",12208521997.2391,12208.5219972391
2035,"SSP1","East Asia",1268628968.5527,"poultry_tot",11930836484.1576,11930.8364841576
2035,"SSP1","North Africa and Middle East",1268628968.5527,"poultry_tot",12028758903.4895,12028.7589034895
2035,"SSP1","Central Latin America",1268628968.5527,"poultry_tot",15384518218.4505,15384.5182184505
2035,"SSP2","North Africa and Middle East",1373973759.14438,"poultry_tot",11698465996.6958,11698.4659966958
2035,"SSP2","Central Europe",1373973759.14438,"poultry_tot",11942688223.962,11942.688223962
2035,"SSP2","Central Latin America",1373973759.14438,"poultry_tot",16094941422.4339,16094.9414224339
2035,"SSP2","East Asia",1373973759.14438,"poultry_tot",11836285204.3634,11836.2852043634
2035,"SSP3","North Africa and Middle East",1495467392.44111,"poultry_tot",9894056485.56315,9894.05648556315
2035,"SSP3","Central Latin America",1495467392.44111,"poultry_tot",12279634431.5469,12279.6344315469
2035,"SSP3","East Asia",1495467392.44111,"poultry_tot",9819741174.04275,9819.74117404275
2035,"SSP3","Central Europe",1495467392.44111,"poultry_tot",10407970288.4045,10407.9702884045
2035,"SSP4","Central Latin America",1486389922.16878,"poultry_tot",12618439546.6065,12618.4395466065
2035,"SSP4","East Asia",1486389922.16878,"poultry_tot",10073657127.7171,10073.6571277171
2035,"SSP4","North Africa and Middle East",1486389922.16878,"poultry_tot",10055210781.0513,10055.2107810513
2035,"SSP4","Central Europe",1486389922.16878,"poultry_tot",10622498926.7966,10622.4989267966
2035,"SSP5","East Asia",1257851769.39312,"poultry_tot",12549246190.4653,12549.2461904653
2035,"SSP5","Central Europe",1257851769.39312,"poultry_tot",12768726015.3697,12768.7260153697
2035,"SSP5","Central Latin America",1257851769.39312,"poultry_tot",15561070131.6845,15561.0701316845
2035,"SSP5","North Africa and Middle East",1257851769.39312,"poultry_tot",12940783226.3044,12940.7832263044
2040,"SSP1","Central Europe",1350538145.01664,"poultry_tot",14736682854.6936,14736.6828546936
2040,"SSP1","East Asia",1350538145.01664,"poultry_tot",14484479175.8968,14484.4791758968
2040,"SSP1","North Africa and Middle East",1350538145.01664,"poultry_tot",14740093574.4675,14740.0935744675
2040,"SSP1","Central Latin America",1350538145.01664,"poultry_tot",17349372457.683,17349.372457683
2040,"SSP2","North Africa and Middle East",1491265642.64493,"poultry_tot",14314186835.3247,14314.1868353247
2040,"SSP2","Central Europe",1491265642.64493,"poultry_tot",14398634965.8515,14398.6349658515
2040,"SSP2","Central Latin America",1491265642.64493,"poultry_tot",17953125388.0633,17953.1253880633
2040,"SSP2","East Asia",1491265642.64493,"poultry_tot",13817657985.81,13817.65798581
2040,"SSP3","North Africa and Middle East",1659910200.50307,"poultry_tot",11920820528.4384,11920.8205284384
2040,"SSP3","Central Latin America",1659910200.50307,"poultry_tot",14391599476.9045,14391.5994769045
2040,"SSP3","East Asia",1659910200.50307,"poultry_tot",11778212926.8604,11778.2129268604
2040,"SSP3","Central Europe",1659910200.50307,"poultry_tot",12565828335.3457,12565.8283353457
2040,"SSP4","Central Latin America",1646655145.30006,"poultry_tot",15246615468.5534,15246.6154685534
2040,"SSP4","East Asia",1646655145.30006,"poultry_tot",12290354517.4804,12290.3545174804
2040,"SSP4","North Africa and Middle East",1646655145.30006,"poultry_tot",12505444663.854,12505.444663854
2040,"SSP4","Central Europe",1646655145.30006,"poultry_tot",12957401271.7226,12957.4012717226
2040,"SSP5","East Asia",1335860194.28455,"poultry_tot",16737692603.4794,16737.6926034794
2040,"SSP5","Central Europe",1335860194.28455,"poultry_tot",16122554778.8356,16122.5547788356
2040,"SSP5","Central Latin America",1335860194.28455,"poultry_tot",18611892189.4714,18611.8921894714
2040,"SSP5","North Africa and Middle East",1335860194.28455,"poultry_tot",16049552775.7548,16049.5527757548
2045,"SSP1","Central Europe",1424136935.72288,"poultry_tot",17835959906.7,17835.9599067
2045,"SSP1","East Asia",1424136935.72288,"poultry_tot",18404567951.6441,18404.5679516441
2045,"SSP1","North Africa and Middle East",1424136935.72288,"poultry_tot",18057793789.4983,18057.7937894983
2045,"SSP1","Central Latin America",1424136935.72288,"poultry_tot",20625706372.8812,20625.7063728812
2045,"SSP2","North Africa and Middle East",1605175585.1326,"poultry_tot",17196452728.9913,17196.4527289913
2045,"SSP2","Central Europe",1605175585.1326,"poultry_tot",16443956122.1716,16443.9561221716
2045,"SSP2","Central Latin America",1605175585.1326,"poultry_tot",19815751967.2454,19815.7519672454
2045,"SSP2","East Asia",1605175585.1326,"poultry_tot",15855825851.7757,15855.8258517757
2045,"SSP3","North Africa and Middle East",1830109832.57829,"poultry_tot",14405903015.8937,14405.9030158937
2045,"SSP3","Central Latin America",1830109832.57829,"poultry_tot",17311902885.9619,17311.9028859619
2045,"SSP3","East Asia",1830109832.57829,"poultry_tot",13815419327.5349,13815.4193275349
2045,"SSP3","Central Europe",1830109832.57829,"poultry_tot",14691021338.8276,14691.0213388276
2045,"SSP4","Central Latin America",1811950674.46014,"poultry_tot",19698542649.9279,19698.5426499279
2045,"SSP4","East Asia",1811950674.46014,"poultry_tot",14998074230.3506,14998.0742303506
2045,"SSP4","North Africa and Middle East",1811950674.46014,"poultry_tot",15974978031.5989,15974.9780315989
2045,"SSP4","Central Europe",1811950674.46014,"poultry_tot",15735357146.7357,15735.3571467357
2045,"SSP5","East Asia",1405100374.06876,"poultry_tot",20455477496.5365,20455.4774965365
2045,"SSP5","Central Europe",1405100374.06876,"poultry_tot",19168728977.8863,19168.7289778863
2045,"SSP5","Central Latin America",1405100374.06876,"poultry_tot",23065627669.9503,23065.6276699503
2045,"SSP5","North Africa and Middle East",1405100374.06876,"poultry_tot",18888321086.3479,18888.3210863479
2050,"SSP1","Central Europe",1488035847.16757,"poultry_tot",20615322290.3389,20615.3222903389
2050,"SSP1","East Asia",1488035847.16757,"poultry_tot",21836056778.5287,21836.0567785287
2050,"SSP1","North Africa and Middle East",1488035847.16757,"poultry_tot",20382001434.5316,20382.0014345316
2050,"SSP1","Central Latin America",1488035847.16757,"poultry_tot",24960904853.6871,24960.9048536871
2050,"SSP2","North Africa and Middle East",1714457208.77821,"poultry_tot",20052484254.2379,20052.4842542379
2050,"SSP2","Central Europe",1714457208.77821,"poultry_tot",19226608105.7142,19226.6081057142
2050,"SSP2","Central Latin America",1714457208.77821,"poultry_tot",22536523361.4658,22536.5233614658
2050,"SSP2","East Asia",1714457208.77821,"poultry_tot",18680703649.3989,18680.7036493989
2050,"SSP3","North Africa and Middle East",2004913219.23997,"poultry_tot",17766338494.2454,17766.3384942454
2050,"SSP3","Central Latin America",2004913219.23997,"poultry_tot",20367403915.5771,20367.4039155771
2050,"SSP3","East Asia",2004913219.23997,"poultry_tot",15972192692.1186,15972.1926921186
2050,"SSP3","Central Europe",2004913219.23997,"poultry_tot",17128734687.4779,17128.7346874779
2050,"SSP4","Central Latin America",1981120263.91221,"poultry_tot",23332553554.9912,23332.5535549912
2050,"SSP4","East Asia",1981120263.91221,"poultry_tot",17695890525.8988,17695.8905258988
2050,"SSP4","North Africa and Middle East",1981120263.91221,"poultry_tot",19914229862.9178,19914.2298629178
2050,"SSP4","Central Europe",1981120263.91221,"poultry_tot",18479710656.1746,18479.7106561746
2050,"SSP5","East Asia",1464277473.14625,"poultry_tot",23069441099.1907,23069.4410991907
2050,"SSP5","Central Europe",1464277473.14625,"poultry_tot",21565331931.8549,21565.3319318549
2050,"SSP5","Central Latin America",1464277473.14625,"poultry_tot",26791177592.9781,26791.1775929781
2050,"SSP5","North Africa and Middle East",1464277473.14625,"poultry_tot",20657337247.6631,20657.3372476631
2015,"SSP1","Central Europe",900712443.824514,"mutton_tot",2059171684.72288,2059.17168472288
2015,"SSP1","East Asia",900712443.824514,"mutton_tot",1456468202.31993,1456.46820231993
2015,"SSP1","North Africa and Middle East",900712443.824514,"mutton_tot",2381251346.25555,2381.25134625555
2015,"SSP1","Central Latin America",900712443.824514,"mutton_tot",974686473.519692,974.686473519692
2015,"SSP2","North Africa and Middle East",910603596.138927,"mutton_tot",2399026400.52177,2399.02640052177
2015,"SSP2","Central Europe",910603596.138927,"mutton_tot",2061738178.08077,2061.73817808077
2015,"SSP2","Central Latin America",910603596.138927,"mutton_tot",978796712.025285,978.796712025285
2015,"SSP2","East Asia",910603596.138927,"mutton_tot",1457838036.18375,1457.83803618375
2015,"SSP3","North Africa and Middle East",918630017.638777,"mutton_tot",2432343898.29208,2432.34389829208
2015,"SSP3","Central Latin America",918630017.638777,"mutton_tot",996131467.562251,996.131467562251
2015,"SSP3","East Asia",918630017.638777,"mutton_tot",1479074278.37282,1479.07427837282
2015,"SSP3","Central Europe",918630017.638777,"mutton_tot",2088351244.9163,2088.3512449163
2015,"SSP4","Central Latin America",918135325.131269,"mutton_tot",996577444.457685,996.577444457685
2015,"SSP4","East Asia",918135325.131269,"mutton_tot",1482424538.57774,1482.42453857774
2015,"SSP4","North Africa and Middle East",918135325.131269,"mutton_tot",2430839715.33764,2430.83971533764
2015,"SSP4","Central Europe",918135325.131269,"mutton_tot",2087226644.48515,2087.22664448515
2015,"SSP5","East Asia",900141094.224691,"mutton_tot",1455503856.26775,1455.50385626775
2015,"SSP5","Central Europe",900141094.224691,"mutton_tot",2057411817.6927,2057.4118176927
2015,"SSP5","Central Latin America",900141094.224691,"mutton_tot",978002073.683081,978.002073683081
2015,"SSP5","North Africa and Middle East",900141094.224691,"mutton_tot",2383665717.65767,2383.66571765767
2020,"SSP1","Central Europe",996712840.31437,"mutton_tot",2418314986.6526,2418.3149866526
2020,"SSP1","East Asia",996712840.31437,"mutton_tot",1818263437.26567,1818.26343726567
2020,"SSP1","North Africa and Middle East",996712840.31437,"mutton_tot",2722486531.0548,2722.4865310548
2020,"SSP1","Central Latin America",996712840.31437,"mutton_tot",1112862611.61592,1112.86261161592
2020,"SSP2","North Africa and Middle East",1022193524.96734,"mutton_tot",2616837753.97731,2616.83775397732
2020,"SSP2","Central Europe",1022193524.96734,"mutton_tot",2366170281.91603,2366.17028191603
2020,"SSP2","Central Latin America",1022193524.96734,"mutton_tot",1068822744.46121,1068.82274446121
2020,"SSP2","East Asia",1022193524.96734,"mutton_tot",1721789377.14966,1721.78937714966
2020,"SSP3","North Africa and Middle East",1045757432.98215,"mutton_tot",2640858196.4769,2640.8581964769
2020,"SSP3","Central Latin America",1045757432.98215,"mutton_tot",1088681107.0461,1088.6811070461
2020,"SSP3","East Asia",1045757432.98215,"mutton_tot",1686532294.47136,1686.53229447136
2020,"SSP3","Central Europe",1045757432.98215,"mutton_tot",2394760697.34889,2394.76069734889
2020,"SSP4","Central Latin America",1044232336.73396,"mutton_tot",1087934599.56553,1087.93459956553
2020,"SSP4","East Asia",1044232336.73396,"mutton_tot",1682246513.71438,1682.24651371438
2020,"SSP4","North Africa and Middle East",1044232336.73396,"mutton_tot",2637754067.03411,2637.75406703411
2020,"SSP4","Central Europe",1044232336.73396,"mutton_tot",2389900897.45282,2389.90089745282
2020,"SSP5","East Asia",994750142.535825,"mutton_tot",1900310328.07255,1900.31032807255
2020,"SSP5","Central Europe",994750142.535825,"mutton_tot",2513598951.80862,2513.59895180862
2020,"SSP5","Central Latin America",994750142.535825,"mutton_tot",1164230769.12395,1164.23076912395
2020,"SSP5","North Africa and Middle East",994750142.535825,"mutton_tot",2819981415.43873,2819.98141543873
2025,"SSP1","Central Europe",1091533249.81059,"mutton_tot",2806630632.22536,2806.63063222535
2025,"SSP1","East Asia",1091533249.81059,"mutton_tot",2228961518.13342,2228.96151813342
2025,"SSP1","North Africa and Middle East",1091533249.81059,"mutton_tot",3324884416.55442,3324.88441655442
2025,"SSP1","Central Latin America",1091533249.81059,"mutton_tot",1180018934.14163,1180.01893414163
2025,"SSP2","North Africa and Middle East",1137645211.04193,"mutton_tot",3378547349.6474,3378.5473496474
2025,"SSP2","Central Europe",1137645211.04193,"mutton_tot",2954285113.42814,2954.28511342814
2025,"SSP2","Central Latin America",1137645211.04193,"mutton_tot",1306119641.10988,1306.11964110988
2025,"SSP2","East Asia",1137645211.04193,"mutton_tot",2308738663.00413,2308.73866300413
2025,"SSP3","North Africa and Middle East",1185186940.95101,"mutton_tot",3062946106.01472,3062.94610601472
2025,"SSP3","Central Latin America",1185186940.95101,"mutton_tot",1199664211.07525,1199.66421107525
2025,"SSP3","East Asia",1185186940.95101,"mutton_tot",2021943858.38037,2021.94385838037
2025,"SSP3","Central Europe",1185186940.95101,"mutton_tot",2730395146.5811,2730.3951465811
2025,"SSP4","Central Latin America",1181892226.26957,"mutton_tot",1196900991.23009,1196.90099123009
2025,"SSP4","East Asia",1181892226.26957,"mutton_tot",2016323033.60997,2016.32303360997
2025,"SSP4","North Africa and Middle East",1181892226.26957,"mutton_tot",3054431387.23471,3054.43138723471
2025,"SSP4","Central Europe",1181892226.26957,"mutton_tot",2722804890.00238,2722.80489000238
2025,"SSP5","East Asia",1087101836.11198,"mutton_tot",2271720434.12949,2271.72043412949
2025,"SSP5","Central Europe",1087101836.11198,"mutton_tot",2854747449.40216,2854.74744940216
2025,"SSP5","Central Latin America",1087101836.11198,"mutton_tot",1140636463.69015,1140.63646369015
2025,"SSP5","North Africa and Middle East",1087101836.11198,"mutton_tot",3310011850.75914,3310.01185075914
2030,"SSP1","Central Europe",1181202385.29684,"mutton_tot",3300645224.77544,3300.64522477544
2030,"SSP1","East Asia",1181202385.29684,"mutton_tot",2543610431.75175,2543.61043175175
2030,"SSP1","North Africa and Middle East",1181202385.29684,"mutton_tot",4070395183.37114,4070.39518337114
2030,"SSP1","Central Latin America",1181202385.29684,"mutton_tot",1195370050.13056,1195.37005013056
2030,"SSP2","North Africa and Middle East",1255444397.1806,"mutton_tot",3976067578.09521,3976.06757809521
2030,"SSP2","Central Europe",1255444397.1806,"mutton_tot",3287963595.52502,3287.96359552502
2030,"SSP2","Central Latin America",1255444397.1806,"mutton_tot",1258463252.72744,1258.46325272744
2030,"SSP2","East Asia",1255444397.1806,"mutton_tot",2524788890.39567,2524.78889039567
2030,"SSP3","North Africa and Middle East",1337405242.76044,"mutton_tot",3886369700.1739,3886.3697001739
2030,"SSP3","Central Latin America",1337405242.76044,"mutton_tot",1354824229.5803,1354.8242295803
2030,"SSP3","East Asia",1337405242.76044,"mutton_tot",2543901975.22518,2543.90197522518
2030,"SSP3","Central Europe",1337405242.76044,"mutton_tot",3348218172.84541,3348.21817284541
2030,"SSP4","Central Latin America",1331684743.97647,"mutton_tot",1360616921.43964,1360.61692143964
2030,"SSP4","East Asia",1331684743.97647,"mutton_tot",2581188564.31712,2581.18856431712
2030,"SSP4","North Africa and Middle East",1331684743.97647,"mutton_tot",3955362184.41541,3955.36218441541
2030,"SSP4","Central Europe",1331684743.97647,"mutton_tot",3377633560.70023,3377.63356070023
2030,"SSP5","East Asia",1173819717.37501,"mutton_tot",2649355269.41128,2649.35526941128
2030,"SSP5","Central Europe",1173819717.37501,"mutton_tot",3336032919.52985,3336.03291952985
2030,"SSP5","Central Latin America",1173819717.37501,"mutton_tot",1293296323.81802,1293.29632381802
2030,"SSP5","North Africa and Middle East",1173819717.37501,"mutton_tot",4235728138.06075,4235.72813806075
2035,"SSP1","Central Europe",1268628968.5527,"mutton_tot",3893567889.73086,3893.56788973086
2035,"SSP1","East Asia",1268628968.5527,"mutton_tot",3220233977.86483,3220.23397786483
2035,"SSP1","North Africa and Middle East",1268628968.5527,"mutton_tot",4906344122.52515,4906.34412252515
2035,"SSP1","Central Latin America",1268628968.5527,"mutton_tot",1522746038.64945,1522.74603864945
2035,"SSP2","North Africa and Middle East",1373973759.14438,"mutton_tot",4909960224.89443,4909.96022489443
2035,"SSP2","Central Europe",1373973759.14438,"mutton_tot",3932064569.27106,3932.06456927106
2035,"SSP2","Central Latin America",1373973759.14438,"mutton_tot",1402544502.08091,1402.54450208091
2035,"SSP2","East Asia",1373973759.14438,"mutton_tot",3150516235.68204,3150.51623568204
2035,"SSP3","North Africa and Middle East",1495467392.44111,"mutton_tot",4641481546.54562,4641.48154654562
2035,"SSP3","Central Latin America",1495467392.44111,"mutton_tot",1628709899.32383,1628.70989932383
2035,"SSP3","East Asia",1495467392.44111,"mutton_tot",3095185187.65439,3095.18518765439
2035,"SSP3","Central Europe",1495467392.44111,"mutton_tot",3966395739.44047,3966.39573944047
2035,"SSP4","Central Latin America",1486389922.16878,"mutton_tot",1615880861.91243,1615.88086191243
2035,"SSP4","East Asia",1486389922.16878,"mutton_tot",3121140167.9359,3121.1401679359
2035,"SSP4","North Africa and Middle East",1486389922.16878,"mutton_tot",4694594288.59677,4694.59428859677
2035,"SSP4","Central Europe",1486389922.16878,"mutton_tot",4033943107.53576,4033.94310753576
2035,"SSP5","East Asia",1257851769.39312,"mutton_tot",3551220479.21282,3551.22047921282
2035,"SSP5","Central Europe",1257851769.39312,"mutton_tot",4293585481.1498,4293.5854811498
2035,"SSP5","Central Latin America",1257851769.39312,"mutton_tot",1794416254.12799,1794.41625412798
2035,"SSP5","North Africa and Middle East",1257851769.39312,"mutton_tot",4951192248.0088,4951.1922480088
2040,"SSP1","Central Europe",1350538145.01664,"mutton_tot",5105728380.84728,5105.72838084728
2040,"SSP1","East Asia",1350538145.01664,"mutton_tot",4358431121.76213,4358.43112176213
2040,"SSP1","North Africa and Middle East",1350538145.01664,"mutton_tot",5799824110.51621,5799.82411051621
2040,"SSP1","Central Latin America",1350538145.01664,"mutton_tot",2376470888.31771,2376.47088831771
2040,"SSP2","North Africa and Middle East",1491265642.64493,"mutton_tot",5903458079.16057,5903.45807916057
2040,"SSP2","Central Europe",1491265642.64493,"mutton_tot",4480438551.68945,4480.43855168945
2040,"SSP2","Central Latin America",1491265642.64493,"mutton_tot",1921584368.82843,1921.58436882843
2040,"SSP2","East Asia",1491265642.64493,"mutton_tot",3755002822.70574,3755.00282270574
2040,"SSP3","North Africa and Middle East",1659910200.50307,"mutton_tot",5513737986.92137,5513.73798692137
2040,"SSP3","Central Latin America",1659910200.50307,"mutton_tot",2106566820.63206,2106.56682063206
2040,"SSP3","East Asia",1659910200.50307,"mutton_tot",3637490438.46714,3637.49043846714
2040,"SSP3","Central Europe",1659910200.50307,"mutton_tot",4554143208.38129,4554.14320838129
2040,"SSP4","Central Latin America",1646655145.30006,"mutton_tot",2042593303.10965,2042.59330310965
2040,"SSP4","East Asia",1646655145.30006,"mutton_tot",3624242077.56043,3624.24207756043
2040,"SSP4","North Africa and Middle East",1646655145.30006,"mutton_tot",5612656603.79741,5612.65660379741
2040,"SSP4","Central Europe",1646655145.30006,"mutton_tot",4449579843.68515,4449.57984368515
2040,"SSP5","East Asia",1335860194.28455,"mutton_tot",5049023583.3631,5049.0235833631
2040,"SSP5","Central Europe",1335860194.28455,"mutton_tot",5784576725.89111,5784.57672589111
2040,"SSP5","Central Latin America",1335860194.28455,"mutton_tot",2812771385.60039,2812.77138560039
2040,"SSP5","North Africa and Middle East",1335860194.28455,"mutton_tot",6483261913.50483,6483.26191350483
2045,"SSP1","Central Europe",1424136935.72288,"mutton_tot",6224556848.10624,6224.55684810624
2045,"SSP1","East Asia",1424136935.72288,"mutton_tot",5682294172.29761,5682.29417229761
2045,"SSP1","North Africa and Middle East",1424136935.72288,"mutton_tot",7118549948.20978,7118.54994820978
2045,"SSP1","Central Latin America",1424136935.72288,"mutton_tot",3266236174.45204,3266.23617445204
2045,"SSP2","North Africa and Middle East",1605175585.1326,"mutton_tot",6737825415.34514,6737.82541534514
2045,"SSP2","Central Europe",1605175585.1326,"mutton_tot",5598140207.97403,5598.14020797403
2045,"SSP2","Central Latin America",1605175585.1326,"mutton_tot",2579555988.90011,2579.55598890011
2045,"SSP2","East Asia",1605175585.1326,"mutton_tot",4614107692.32079,4614.10769232079
2045,"SSP3","North Africa and Middle East",1830109832.57829,"mutton_tot",6583226883.88335,6583.22688388335
2045,"SSP3","Central Latin America",1830109832.57829,"mutton_tot",2552829530.30879,2552.82953030879
2045,"SSP3","East Asia",1830109832.57829,"mutton_tot",4368860306.15803,4368.86030615803
2045,"SSP3","Central Europe",1830109832.57829,"mutton_tot",5426172695.39185,5426.17269539185
2045,"SSP4","Central Latin America",1811950674.46014,"mutton_tot",2411523211.26328,2411.52321126328
2045,"SSP4","East Asia",1811950674.46014,"mutton_tot",4591178989.64384,4591.17898964384
2045,"SSP4","North Africa and Middle East",1811950674.46014,"mutton_tot",6882272021.01288,6882.27202101288
2045,"SSP4","Central Europe",1811950674.46014,"mutton_tot",5604817473.55477,5604.81747355477
2045,"SSP5","East Asia",1405100374.06876,"mutton_tot",5684070870.85896,5684.07087085896
2045,"SSP5","Central Europe",1405100374.06876,"mutton_tot",6100154529.66414,6100.15452966414
2045,"SSP5","Central Latin America",1405100374.06876,"mutton_tot",3287154894.06682,3287.15489406682
2045,"SSP5","North Africa and Middle East",1405100374.06876,"mutton_tot",7284607051.83839,7284.60705183839
2050,"SSP1","Central Europe",1488035847.16757,"mutton_tot",6444439281.15775,6444.43928115775
2050,"SSP1","East Asia",1488035847.16757,"mutton_tot",6279827246.4685,6279.82724646851
2050,"SSP1","North Africa and Middle East",1488035847.16757,"mutton_tot",7894959181.88982,7894.95918188982
2050,"SSP1","Central Latin America",1488035847.16757,"mutton_tot",3489938095.41412,3489.93809541412
2050,"SSP2","North Africa and Middle East",1714457208.77821,"mutton_tot",8329215042.80138,8329.21504280138
2050,"SSP2","Central Europe",1714457208.77821,"mutton_tot",6868652074.20721,6868.65207420721
2050,"SSP2","Central Latin America",1714457208.77821,"mutton_tot",3940491923.19329,3940.49192319329
2050,"SSP2","East Asia",1714457208.77821,"mutton_tot",6617613051.59895,6617.61305159895
2050,"SSP3","North Africa and Middle East",2004913219.23997,"mutton_tot",8618110339.40947,8618.11033940947
2050,"SSP3","Central Latin America",2004913219.23997,"mutton_tot",4367338951.70862,4367.33895170862
2050,"SSP3","East Asia",2004913219.23997,"mutton_tot",6468258968.00484,6468.25896800484
2050,"SSP3","Central Europe",2004913219.23997,"mutton_tot",7178518713.54029,7178.51871354029
2050,"SSP4","Central Latin America",1981120263.91221,"mutton_tot",3809057816.89522,3809.05781689522
2050,"SSP4","East Asia",1981120263.91221,"mutton_tot",6454221260.1064,6454.2212601064
2050,"SSP4","North Africa and Middle East",1981120263.91221,"mutton_tot",9011778841.98124,9011.77884198124
2050,"SSP4","Central Europe",1981120263.91221,"mutton_tot",7006116986.96609,7006.11698696609
2050,"SSP5","East Asia",1464277473.14625,"mutton_tot",6017992969.68266,6017.99296968266
2050,"SSP5","Central Europe",1464277473.14625,"mutton_tot",5700077900.10548,5700.07790010548
2050,"SSP5","Central Latin America",1464277473.14625,"mutton_tot",3175214038.08084,3175.21403808084
2050,"SSP5","North Africa and Middle East",1464277473.14625,"mutton_tot",7903226206.85638,7903.22620685638
2015,"SSP1","Central Europe",900712443.824514,"pork_tot",5634149287.13326,5634.14928713326
2015,"SSP1","East Asia",900712443.824514,"pork_tot",6047708761.37042,6047.70876137042
2015,"SSP1","North Africa and Middle East",900712443.824514,"pork_tot",3228520470.16424,3228.52047016424
2015,"SSP1","Central Latin America",900712443.824514,"pork_tot",3534860198.77522,3534.86019877522
2015,"SSP2","North Africa and Middle East",910603596.138927,"pork_tot",3263481425.67144,3263.48142567144
2015,"SSP2","Central Europe",910603596.138927,"pork_tot",5676524215.53795,5676.52421553795
2015,"SSP2","Central Latin America",910603596.138927,"pork_tot",3569993175.32898,3569.99317532898
2015,"SSP2","East Asia",910603596.138927,"pork_tot",6093170277.26625,6093.17027726625
2015,"SSP3","North Africa and Middle East",918630017.638777,"pork_tot",3296783638.21182,3296.78363821182
2015,"SSP3","Central Latin America",918630017.638777,"pork_tot",3589826544.06124,3589.82654406124
2015,"SSP3","East Asia",918630017.638777,"pork_tot",6131992767.51689,6131.99276751689
2015,"SSP3","Central Europe",918630017.638777,"pork_tot",5711005721.85347,5711.00572185347
2015,"SSP4","Central Latin America",918135325.131269,"pork_tot",3585582741.87134,3585.58274187134
2015,"SSP4","East Asia",918135325.131269,"pork_tot",6103466434.21304,6103.46643421304
2015,"SSP4","North Africa and Middle East",918135325.131269,"pork_tot",3291829392.92177,3291.82939292177
2015,"SSP4","Central Europe",918135325.131269,"pork_tot",5707930281.59277,5707.93028159277
2015,"SSP5","East Asia",900141094.224691,"pork_tot",6046910747.11357,6046.91074711357
2015,"SSP5","Central Europe",900141094.224691,"pork_tot",5635036472.25459,5635.03647225459
2015,"SSP5","Central Latin America",900141094.224691,"pork_tot",3535451058.05326,3535.45105805326
2015,"SSP5","North Africa and Middle East",900141094.224691,"pork_tot",3232087086.13318,3232.08708613318
2020,"SSP1","Central Europe",996712840.31437,"pork_tot",6620713931.30701,6620.71393130701
2020,"SSP1","East Asia",996712840.31437,"pork_tot",7085275433.32562,7085.27543332562
2020,"SSP1","North Africa and Middle East",996712840.31437,"pork_tot",3544715572.06499,3544.71557206499
2020,"SSP1","Central Latin America",996712840.31437,"pork_tot",3914501982.01386,3914.50198201386
2020,"SSP2","North Africa and Middle East",1022193524.96734,"pork_tot",3666411227.30229,3666.41122730229
2020,"SSP2","Central Europe",1022193524.96734,"pork_tot",6741035557.69384,6741.03555769384
2020,"SSP2","Central Latin America",1022193524.96734,"pork_tot",4034536611.17741,4034.53661117741
2020,"SSP2","East Asia",1022193524.96734,"pork_tot",7071392714.14084,7071.39271414084
2020,"SSP3","North Africa and Middle East",1045757432.98215,"pork_tot",3737018904.10609,3737.01890410609
2020,"SSP3","Central Latin America",1045757432.98215,"pork_tot",4122673345.95787,4122.67334595787
2020,"SSP3","East Asia",1045757432.98215,"pork_tot",7099255908.81756,7099.25590881756
2020,"SSP3","Central Europe",1045757432.98215,"pork_tot",6881102093.601,6881.102093601
2020,"SSP4","Central Latin America",1044232336.73396,"pork_tot",4114701306.59938,4114.70130659938
2020,"SSP4","East Asia",1044232336.73396,"pork_tot",7083368206.96154,7083.36820696154
2020,"SSP4","North Africa and Middle East",1044232336.73396,"pork_tot",3719391476.34999,3719.39147634999
2020,"SSP4","Central Europe",1044232336.73396,"pork_tot",6871409790.05199,6871.40979005199
2020,"SSP5","East Asia",994750142.535825,"pork_tot",7089991006.52324,7089.99100652324
2020,"SSP5","Central Europe",994750142.535825,"pork_tot",6612653223.68685,6612.65322368685
2020,"SSP5","Central Latin America",994750142.535825,"pork_tot",3877241495.62966,3877.24149562966
2020,"SSP5","North Africa and Middle East",994750142.535825,"pork_tot",3531913211.86966,3531.91321186966
2025,"SSP1","Central Europe",1091533249.81059,"pork_tot",8848581675.77748,8848.58167577748
2025,"SSP1","East Asia",1091533249.81059,"pork_tot",8421060581.7108,8421.0605817108
2025,"SSP1","North Africa and Middle East",1091533249.81059,"pork_tot",3817675335.22013,3817.67533522013
2025,"SSP1","Central Latin America",1091533249.81059,"pork_tot",4628310937.53908,4628.31093753908
2025,"SSP2","North Africa and Middle East",1137645211.04193,"pork_tot",3955423403.89566,3955.42340389566
2025,"SSP2","Central Europe",1137645211.04193,"pork_tot",8275931812.95731,8275.93181295731
2025,"SSP2","Central Latin America",1137645211.04193,"pork_tot",4602826294.68716,4602.82629468716
2025,"SSP2","East Asia",1137645211.04193,"pork_tot",8258445293.74421,8258.44529374421
2025,"SSP3","North Africa and Middle East",1185186940.95101,"pork_tot",4227138489.44096,4227.13848944096
2025,"SSP3","Central Latin America",1185186940.95101,"pork_tot",4745147623.62553,4745.14762362553
2025,"SSP3","East Asia",1185186940.95101,"pork_tot",8184687276.57542,8184.68727657542
2025,"SSP3","Central Europe",1185186940.95101,"pork_tot",8429055772.31703,8429.05577231703
2025,"SSP4","Central Latin America",1181892226.26957,"pork_tot",4730545649.83422,4730.54564983422
2025,"SSP4","East Asia",1181892226.26957,"pork_tot",8161934571.15709,8161.93457115709
2025,"SSP4","North Africa and Middle East",1181892226.26957,"pork_tot",4215387418.98919,4215.38741898919
2025,"SSP4","Central Europe",1181892226.26957,"pork_tot",8405623744.133,8405.623744133
2025,"SSP5","East Asia",1087101836.11198,"pork_tot",8702367041.95765,8702.36704195765
2025,"SSP5","Central Europe",1087101836.11198,"pork_tot",9102809488.32477,9102.80948832477
2025,"SSP5","Central Latin America",1087101836.11198,"pork_tot",4813978544.36588,4813.97854436588
2025,"SSP5","North Africa and Middle East",1087101836.11198,"pork_tot",3723970738.18096,3723.97073818096
2030,"SSP1","Central Europe",1181202385.29684,"pork_tot",12046605477.1385,12046.6054771385
2030,"SSP1","East Asia",1181202385.29684,"pork_tot",10720305734.4436,10720.3057344436
2030,"SSP1","North Africa and Middle East",1181202385.29684,"pork_tot",4242297198.12343,4242.29719812343
2030,"SSP1","Central Latin America",1181202385.29684,"pork_tot",5769070731.44486,5769.07073144486
2030,"SSP2","North Africa and Middle East",1255444397.1806,"pork_tot",4329437074.67884,4329.43707467884
2030,"SSP2","Central Europe",1255444397.1806,"pork_tot",11091755644.3797,11091.7556443797
2030,"SSP2","Central Latin America",1255444397.1806,"pork_tot",5355166025.77005,5355.16602577005
2030,"SSP2","East Asia",1255444397.1806,"pork_tot",9668853199.43318,9668.85319943318
2030,"SSP3","North Africa and Middle East",1337405242.76044,"pork_tot",4698285033.1824,4698.2850331824
2030,"SSP3","Central Latin America",1337405242.76044,"pork_tot",5179851727.93633,5179.85172793633
2030,"SSP3","East Asia",1337405242.76044,"pork_tot",9331859165.97136,9331.85916597137
2030,"SSP3","Central Europe",1337405242.76044,"pork_tot",10303651678.2548,10303.6516782548
2030,"SSP4","Central Latin America",1331684743.97647,"pork_tot",5161980098.22425,5161.98009822425
2030,"SSP4","East Asia",1331684743.97647,"pork_tot",9336782045.41276,9336.78204541276
2030,"SSP4","North Africa and Middle East",1331684743.97647,"pork_tot",4597082611.41018,4597.08261141018
2030,"SSP4","Central Europe",1331684743.97647,"pork_tot",10266075027.1547,10266.0750271547
2030,"SSP5","East Asia",1173819717.37501,"pork_tot",11038318492.9271,11038.3184929271
2030,"SSP5","Central Europe",1173819717.37501,"pork_tot",12597348762.27,12597.34876227
2030,"SSP5","Central Latin America",1173819717.37501,"pork_tot",5962469036.43659,5962.46903643659
2030,"SSP5","North Africa and Middle East",1173819717.37501,"pork_tot",4309309898.52623,4309.30989852623
2035,"SSP1","Central Europe",1268628968.5527,"pork_tot",15155764420.2065,15155.7644202065
2035,"SSP1","East Asia",1268628968.5527,"pork_tot",12092411110.356,12092.411110356
2035,"SSP1","North Africa and Middle East",1268628968.5527,"pork_tot",4717621117.74253,4717.62111774253
2035,"SSP1","Central Latin America",1268628968.5527,"pork_tot",6800026125.25121,6800.02612525121
2035,"SSP2","North Africa and Middle East",1373973759.14438,"pork_tot",4952873428.80177,4952.87342880177
2035,"SSP2","Central Europe",1373973759.14438,"pork_tot",14492083930.9871,14492.0839309871
2035,"SSP2","Central Latin America",1373973759.14438,"pork_tot",6752101254.2947,6752.1012542947
2035,"SSP2","East Asia",1373973759.14438,"pork_tot",12253574260.7919,12253.5742607919
2035,"SSP3","North Africa and Middle East",1495467392.44111,"pork_tot",5276625840.98347,5276.62584098347
2035,"SSP3","Central Latin America",1495467392.44111,"pork_tot",5902974466.87255,5902.97446687255
2035,"SSP3","East Asia",1495467392.44111,"pork_tot",10677143904.6905,10677.1439046905
2035,"SSP3","Central Europe",1495467392.44111,"pork_tot",12484709200.7521,12484.7092007521
2035,"SSP4","Central Latin America",1486389922.16878,"pork_tot",6010706967.86098,6010.70696786098
2035,"SSP4","East Asia",1486389922.16878,"pork_tot",10835648823.7846,10835.6488237846
2035,"SSP4","North Africa and Middle East",1486389922.16878,"pork_tot",5273944957.1142,5273.9449571142
2035,"SSP4","Central Europe",1486389922.16878,"pork_tot",12749327966.25,12749.32796625
2035,"SSP5","East Asia",1257851769.39312,"pork_tot",12864770210.5763,12864.7702105763
2035,"SSP5","Central Europe",1257851769.39312,"pork_tot",16698388899.0362,16698.3888990362
2035,"SSP5","Central Latin America",1257851769.39312,"pork_tot",7125102132.59153,7125.10213259153
2035,"SSP5","North Africa and Middle East",1257851769.39312,"pork_tot",4986980022.93171,4986.98002293171
2040,"SSP1","Central Europe",1350538145.01664,"pork_tot",19759034075.3708,19759.0340753708
2040,"SSP1","East Asia",1350538145.01664,"pork_tot",14405785533.8008,14405.7855338008
2040,"SSP1","North Africa and Middle East",1350538145.01664,"pork_tot",5330379401.87578,5330.37940187578
2040,"SSP1","Central Latin America",1350538145.01664,"pork_tot",8122053662.76662,8122.05366276662
2040,"SSP2","North Africa and Middle East",1491265642.64493,"pork_tot",5323242365.55432,5323.24236555432
2040,"SSP2","Central Europe",1491265642.64493,"pork_tot",17983703474.7633,17983.7034747633
2040,"SSP2","Central Latin America",1491265642.64493,"pork_tot",7828650471.81483,7828.65047181483
2040,"SSP2","East Asia",1491265642.64493,"pork_tot",13700800750.6881,13700.8007506881
2040,"SSP3","North Africa and Middle East",1659910200.50307,"pork_tot",5839349121.50434,5839.34912150434
2040,"SSP3","Central Latin America",1659910200.50307,"pork_tot",6661347860.50546,6661.34786050546
2040,"SSP3","East Asia",1659910200.50307,"pork_tot",11841246379.6405,11841.2463796405
2040,"SSP3","Central Europe",1659910200.50307,"pork_tot",15196242956.5459,15196.2429565459
2040,"SSP4","Central Latin America",1646655145.30006,"pork_tot",6841826244.01901,6841.82624401901
2040,"SSP4","East Asia",1646655145.30006,"pork_tot",12210597420.668,12210.597420668
2040,"SSP4","North Africa and Middle East",1646655145.30006,"pork_tot",5807431249.30347,5807.43124930347
2040,"SSP4","Central Europe",1646655145.30006,"pork_tot",15956833295.1585,15956.8332951585
2040,"SSP5","East Asia",1335860194.28455,"pork_tot",15855283196.7334,15855.2831967334
2040,"SSP5","Central Europe",1335860194.28455,"pork_tot",22161964237.4872,22161.9642374872
2040,"SSP5","Central Latin America",1335860194.28455,"pork_tot",8900569903.89594,8900.56990389594
2040,"SSP5","North Africa and Middle East",1335860194.28455,"pork_tot",5760518863.38442,5760.51886338442
2045,"SSP1","Central Europe",1424136935.72288,"pork_tot",23801381485.562,23801.381485562
2045,"SSP1","East Asia",1424136935.72288,"pork_tot",17058214539.1017,17058.2145391017
2045,"SSP1","North Africa and Middle East",1424136935.72288,"pork_tot",6372335103.14383,6372.33510314383
2045,"SSP1","Central Latin America",1424136935.72288,"pork_tot",9697795377.00277,9697.79537700277
2045,"SSP2","North Africa and Middle East",1605175585.1326,"pork_tot",6193700977.31164,6193.70097731164
2045,"SSP2","Central Europe",1605175585.1326,"pork_tot",21283360287.8821,21283.3602878821
2045,"SSP2","Central Latin America",1605175585.1326,"pork_tot",9108351864.18851,9108.35186418851
2045,"SSP2","East Asia",1605175585.1326,"pork_tot",15668530484.5478,15668.5304845478
2045,"SSP3","North Africa and Middle East",1830109832.57829,"pork_tot",6431995229.57608,6431.99522957608
2045,"SSP3","Central Latin America",1830109832.57829,"pork_tot",7578108606.75456,7578.10860675456
2045,"SSP3","East Asia",1830109832.57829,"pork_tot",13311194736.1392,13311.1947361392
2045,"SSP3","Central Europe",1830109832.57829,"pork_tot",17767774934.4304,17767.7749344304
2045,"SSP4","Central Latin America",1811950674.46014,"pork_tot",8205233351.66109,8205.23335166109
2045,"SSP4","East Asia",1811950674.46014,"pork_tot",14307717580.1902,14307.7175801902
2045,"SSP4","North Africa and Middle East",1811950674.46014,"pork_tot",6245953100.88481,6245.95310088481
2045,"SSP4","Central Europe",1811950674.46014,"pork_tot",18920155115.5127,18920.1551155127
2045,"SSP5","East Asia",1405100374.06876,"pork_tot",19297055961.5654,19297.0559615654
2045,"SSP5","Central Europe",1405100374.06876,"pork_tot",27036926029.1221,27036.9260291221
2045,"SSP5","Central Latin America",1405100374.06876,"pork_tot",11171218062.1116,11171.2180621116
2045,"SSP5","North Africa and Middle East",1405100374.06876,"pork_tot",7045766964.99235,7045.76696499235
2050,"SSP1","Central Europe",1488035847.16757,"pork_tot",28371358760.6976,28371.3587606976
2050,"SSP1","East Asia",1488035847.16757,"pork_tot",19607736982.3393,19607.7369823393
2050,"SSP1","North Africa and Middle East",1488035847.16757,"pork_tot",7170616952.97342,7170.61695297342
2050,"SSP1","Central Latin America",1488035847.16757,"pork_tot",11864002929.3006,11864.0029293006
2050,"SSP2","North Africa and Middle East",1714457208.77821,"pork_tot",6778488973.52242,6778.48897352242
2050,"SSP2","Central Europe",1714457208.77821,"pork_tot",24442578533.8989,24442.5785338989
2050,"SSP2","Central Latin America",1714457208.77821,"pork_tot",10577305885.7609,10577.3058857609
2050,"SSP2","East Asia",1714457208.77821,"pork_tot",17406214599.8717,17406.2145998717
2050,"SSP3","North Africa and Middle East",2004913219.23997,"pork_tot",7495909237.88201,7495.90923788201
2050,"SSP3","Central Latin America",2004913219.23997,"pork_tot",9186236179.03085,9186.23617903085
2050,"SSP3","East Asia",2004913219.23997,"pork_tot",14661905408.1086,14661.9054081086
2050,"SSP3","Central Europe",2004913219.23997,"pork_tot",20256933842.4096,20256.9338424096
2050,"SSP4","Central Latin America",1981120263.91221,"pork_tot",10301489393.2988,10301.4893932988
2050,"SSP4","East Asia",1981120263.91221,"pork_tot",16472113153.1329,16472.1131531329
2050,"SSP4","North Africa and Middle East",1981120263.91221,"pork_tot",7315246819.52745,7315.24681952745
2050,"SSP4","Central Europe",1981120263.91221,"pork_tot",22043920265.6639,22043.9202656639
2050,"SSP5","East Asia",1464277473.14625,"pork_tot",21458216859.2956,21458.2168592956
2050,"SSP5","Central Europe",1464277473.14625,"pork_tot",32713801081.8864,32713.8010818864
2050,"SSP5","Central Latin America",1464277473.14625,"pork_tot",13508221547.9915,13508.2215479915
2050,"SSP5","North Africa and Middle East",1464277473.14625,"pork_tot",7502098187.81535,7502.09818781535
