"Year","Reference_country_Scenario","SSP_Scenario","Type","Total_kg","total_Kt"
2010,"CH","SSP2","beef",3895959467.62171,3895.95946762171
2011,"CH","SSP2","beef",4524456555.91717,4524.45655591717
2012,"CH","SSP2","beef",5118356481.87353,5118.35648187353
2013,"CH","SSP2","beef",5680933037.61658,5680.93303761658
2015,"CH","SSP2","beef",6724315758.10098,6724.31575810098
2020,"CH","SSP2","beef",8979914752.02567,8979.91475202567
2025,"CH","SSP2","beef",10943768174.7206,10943.7681747206
2030,"CH","SSP2","beef",12799129056.0479,12799.1290560479
2035,"CH","SSP2","beef",14640576610.2653,14640.5766102653
2040,"CH","SSP2","beef",16483101115.8856,16483.1011158856
2045,"CH","SSP2","beef",18271188795.535,18271.188795535
2050,"CH","SSP2","beef",19887906695.812,19887.906695812
2010,"BR","SSP2","beef",2444760745.45416,2444.76074545416
2011,"BR","SSP2","beef",4619131664.34248,4619.13166434248
2012,"BR","SSP2","beef",6652576389.85957,6652.57638985957
2013,"BR","SSP2","beef",8558331564.4091,8558.3315644091
2015,"BR","SSP2","beef",12036562534.8864,12036.5625348864
2020,"BR","SSP2","beef",19304853368.6832,19304.8533686832
2025,"BR","SSP2","beef",25453333763.3777,25453.3337633777
2030,"BR","SSP2","beef",31343772445.3099,31343.7724453099
2035,"BR","SSP2","beef",37529807713.6791,37529.8077136791
2040,"BR","SSP2","beef",44290748803.5962,44290.7488035962
2045,"BR","SSP2","beef",51665377249.1365,51665.3772491365
2050,"BR","SSP2","beef",59485748246.3914,59485.7482463914
2010,"EG","SSP2","beef",3804738719.55329,3804.73871955329
2011,"EG","SSP2","beef",4529925907.99948,4529.92590799948
2012,"EG","SSP2","beef",5215582362.51091,5215.58236251092
2013,"EG","SSP2","beef",5865549656.40431,5865.54965640431
2015,"EG","SSP2","beef",7072857450.68218,7072.85745068218
2020,"EG","SSP2","beef",9700506788.53102,9700.50678853102
2025,"EG","SSP2","beef",12035700862.2281,12035.7008622281
2030,"EG","SSP2","beef",14326209727.8073,14326.2097278073
2035,"EG","SSP2","beef",16729467407.9907,16729.4674079907
2040,"EG","SSP2","beef",19322479931.9697,19322.4799319697
2045,"EG","SSP2","beef",22111733375.1875,22111.7333751875
2050,"EG","SSP2","beef",25043101899.1212,25043.1018991212
2010,"VN","SSP2","beef",4458608533.42541,4458.60853342541
2011,"VN","SSP2","beef",4480629510.99212,4480.62951099212
2012,"VN","SSP2","beef",4535141916.22012,4535.14191622012
2013,"VN","SSP2","beef",4620692716.07787,4620.69271607787
2015,"VN","SSP2","beef",4880734291.39953,4880.73429139953
2020,"VN","SSP2","beef",6034560496.96246,6034.56049696246
2025,"VN","SSP2","beef",7976407652.74992,7976.40765274992
2030,"VN","SSP2","beef",10949594548.6348,10949.5945486348
2035,"VN","SSP2","beef",15373145189.3445,15373.1451893445
2040,"VN","SSP2","beef",21830495722.0781,21830.4957220781
2045,"VN","SSP2","beef",31058201364.1239,31058.2013641239
2050,"VN","SSP2","beef",43934643330.4764,43934.6433304764
2010,"CH","SSP2","pork",1.615,1.615e-06
2011,"CH","SSP2","pork",1449247640.50539,1449.24764050539
2012,"CH","SSP2","pork",4838812297.06729,4838.81229706729
2013,"CH","SSP2","pork",7985945025.78588,7985.94502578588
2015,"CH","SSP2","pork",13642114408.8563,13642.1144088563
2020,"CH","SSP2","pork",24971244979.8321,24971.2449798321
2025,"CH","SSP2","pork",33853668095.1023,33853.6680951023
2030,"CH","SSP2","pork",41665658823.0811,41665.6588230811
2035,"CH","SSP2","pork",49151974948.8952,49151.9749488952
2040,"CH","SSP2","pork",56490986373.1368,56490.9863731368
2045,"CH","SSP2","pork",63359804510.6172,63359.8045106172
2050,"CH","SSP2","pork",68999411689.1194,68999.4116891194
2010,"BR","SSP2","pork",732280048.009967,732.280048009967
2011,"BR","SSP2","pork",1252858308.12249,1252.85830812249
2012,"BR","SSP2","pork",1739355230.77982,1739.35523077982
2013,"BR","SSP2","pork",2194925718.12892,2194.92571812892
2015,"BR","SSP2","pork",3025184145.24549,3025.18414524549
2020,"BR","SSP2","pork",4753169633.84195,4753.16963384195
2025,"BR","SSP2","pork",6207557973.79318,6207.55797379318
2030,"BR","SSP2","pork",7601818088.82975,7601.81808882975
2035,"BR","SSP2","pork",9079581587.1321,9079.5815871321
2040,"BR","SSP2","pork",10722657982.0437,10722.6579820437
2045,"BR","SSP2","pork",12559049912.7842,12559.0499127842
2050,"BR","SSP2","pork",14570968365.1628,14570.9683651628
2010,"EG","SSP2","pork",1167161480.67393,1167.16148067393
2011,"EG","SSP2","pork",1224476475.45529,1224.47647545529
2012,"EG","SSP2","pork",1279611932.89325,1279.61193289325
2013,"EG","SSP2","pork",1332735909.07702,1332.73590907702
2015,"EG","SSP2","pork",1433579040.82371,1433.57904082371
2020,"EG","SSP2","pork",1660649544.12168,1660.64954412168
2025,"EG","SSP2","pork",1863387983.64335,1863.38798364335
2030,"EG","SSP2","pork",2052408510.33598,2052.40851033598
2035,"EG","SSP2","pork",2234516939.28927,2234.51693928927
2040,"EG","SSP2","pork",2413303256.00609,2413.30325600609
2045,"EG","SSP2","pork",2589734122.67317,2589.73412267317
2050,"EG","SSP2","pork",2762745384.43175,2762.74538443175
2010,"VN","SSP2","pork",1.615,1.615e-06
2011,"VN","SSP2","pork",1517898888.40575,1517.89888840575
2012,"VN","SSP2","pork",5915836860.86539,5915.83686086539
2013,"VN","SSP2","pork",9996506914.65357,9996.50691465357
2015,"VN","SSP2","pork",17322213487.3343,17322.2134873343
2020,"VN","SSP2","pork",31945758211.7448,31945.7582117448
2025,"VN","SSP2","pork",43327614270.9533,43327.6142709533
2030,"VN","SSP2","pork",53231552494.7831,53231.5524947831
2035,"VN","SSP2","pork",62585222646.8769,62585.2226468769
2040,"VN","SSP2","pork",71565701432.3532,71565.7014323532
2045,"VN","SSP2","pork",79685040505.4622,79685.0405054622
2050,"VN","SSP2","pork",85875814477.242,85875.814477242
2010,"CH","SSP2","poultry",1388506374.42681,1388.5063744268
2011,"CH","SSP2","poultry",2776341563.78565,2776.34156378565
2012,"CH","SSP2","poultry",4070457871.55428,4070.45787155428
2013,"CH","SSP2","poultry",5279427410.14781,5279.42741014781
2015,"CH","SSP2","poultry",7473979534.93494,7473.97953493494
2020,"CH","SSP2","poultry",11985834403.8795,11985.8344038795
2025,"CH","SSP2","poultry",15675783733.5765,15675.7837335765
2030,"CH","SSP2","poultry",19052049432.2707,19052.0494322707
2035,"CH","SSP2","poultry",22402372803.0193,22402.3728030193
2040,"CH","SSP2","poultry",25817024782.5751,25817.0247825751
2045,"CH","SSP2","poultry",29211816180.2705,29211.8161802705
2050,"CH","SSP2","poultry",32351107916.9009,32351.1079169009
2010,"BR","SSP2","poultry",146537494.653981,146.537494653981
2011,"BR","SSP2","poultry",2853649151.74515,2853.64915174515
2012,"BR","SSP2","poultry",5389546568.33442,5389.54656833442
2013,"BR","SSP2","poultry",7770877141.20212,7770.87714120212
2015,"BR","SSP2","poultry",12133120816.1105,12133.1208161105
2020,"BR","SSP2","poultry",21374415746.7695,21374.4157467695
2025,"BR","SSP2","poultry",29481258017.1063,29481.2580171063
2030,"BR","SSP2","poultry",37711269644.4677,37711.2696444677
2035,"BR","SSP2","poultry",47007385942.4748,47007.3859424748
2040,"BR","SSP2","poultry",58036382530.4239,58036.3825304239
2045,"BR","SSP2","poultry",71227402342.6884,71227.4023426884
2050,"BR","SSP2","poultry",86810482638.121,86810.482638121
2010,"EG","SSP2","poultry",1842411690.63878,1842.41169063878
2011,"EG","SSP2","poultry",2746432665.23835,2746.43266523835
2012,"EG","SSP2","poultry",3591069156.30235,3591.06915630235
2013,"EG","SSP2","poultry",4381741122.70572,4381.74112270572
2015,"EG","SSP2","poultry",5821412607.14796,5821.41260714796
2020,"EG","SSP2","poultry",8800445501.15704,8800.44550115704
2025,"EG","SSP2","poultry",11248164486.4815,11248.1644864815
2030,"EG","SSP2","poultry",13474019687.6509,13474.0196876509
2035,"EG","SSP2","poultry",15643087205.2351,15643.0872052351
2040,"EG","SSP2","poultry",17790899081.1693,17790.8990811693
2045,"EG","SSP2","poultry",19838273264.0801,19838.2732640801
2050,"EG","SSP2","poultry",21606143574.6109,21606.1435746109
2010,"VN","SSP2","poultry",2101267835.90015,2101.26783590015
2011,"VN","SSP2","poultry",2720234869.12226,2720.23486912226
2012,"VN","SSP2","poultry",3332601966.09302,3332.60196609302
2013,"VN","SSP2","poultry",3940882106.99162,3940.88210699162
2015,"VN","SSP2","poultry",5156342769.30997,5156.34276930997
2020,"VN","SSP2","poultry",8341842192.68046,8341.84219268046
2025,"VN","SSP2","poultry",12135805406.7242,12135.8054067242
2030,"VN","SSP2","poultry",17149174943.258,17149.174943258
2035,"VN","SSP2","poultry",24122102481.0836,24122.1024810836
2040,"VN","SSP2","poultry",33920254761.8669,33920.2547618669
2045,"VN","SSP2","poultry",47531119506.0183,47531.1195060183
2050,"VN","SSP2","poultry",66060311328.5728,66060.3113285728
2010,"CH","SSP2","mutton",1042445597.67934,1042.44559767934
2011,"CH","SSP2","mutton",1372970702.15552,1372.97070215552
2012,"CH","SSP2","mutton",1682988869.56596,1682.98886956596
2013,"CH","SSP2","mutton",1974389701.69739,1974.38970169739
2015,"CH","SSP2","mutton",2508398407.11654,2508.39840711654
2020,"CH","SSP2","mutton",3631007062.06714,3631.00706206714
2025,"CH","SSP2","mutton",4575002759.08028,4575.00275908028
2030,"CH","SSP2","mutton",5450670773.89074,5450.67077389074
2035,"CH","SSP2","mutton",6318962062.92597,6318.96206292597
2040,"CH","SSP2","mutton",7196604864.81302,7196.60486481302
2045,"CH","SSP2","mutton",8061216301.88555,8061.21630188555
2050,"CH","SSP2","mutton",8856413981.69084,8856.41398169084
2010,"BR","SSP2","mutton",1330875802.59813,1330.87580259813
2011,"BR","SSP2","mutton",1353835826.86633,1353.83582686633
2012,"BR","SSP2","mutton",1378576892.08043,1378.57689208043
2013,"BR","SSP2","mutton",1404969872.5582,1404.9698725582
2015,"BR","SSP2","mutton",1462219177.20239,1462.21917720239
2020,"BR","SSP2","mutton",1626121024.41181,1626.12102441181
2025,"BR","SSP2","mutton",1809865649.10314,1809.86564910314
2030,"BR","SSP2","mutton",2003308680.03424,2003.30868003424
2035,"BR","SSP2","mutton",2198594214.42731,2198.59421442731
2040,"BR","SSP2","mutton",2389871962.55209,2389.87196255209
2045,"BR","SSP2","mutton",2573014392.30909,2573.01439230909
2050,"BR","SSP2","mutton",2745333873.81278,2745.33387381278
2010,"EG","SSP2","mutton",1330875802.59813,1330.87580259813
2011,"EG","SSP2","mutton",1353835826.86633,1353.83582686633
2012,"EG","SSP2","mutton",1378576892.08043,1378.57689208043
2013,"EG","SSP2","mutton",1404969872.5582,1404.9698725582
2015,"EG","SSP2","mutton",1462219177.20239,1462.21917720239
2020,"EG","SSP2","mutton",1626121024.41181,1626.12102441181
2025,"EG","SSP2","mutton",1809865649.10314,1809.86564910314
2030,"EG","SSP2","mutton",2003308680.03424,2003.30868003424
2035,"EG","SSP2","mutton",2198594214.42731,2198.59421442731
2040,"EG","SSP2","mutton",2389871962.55209,2389.87196255209
2045,"EG","SSP2","mutton",2573014392.30909,2573.01439230909
2050,"EG","SSP2","mutton",2745333873.81278,2745.33387381278
2010,"VN","SSP2","mutton",1316890323.01009,1316.89032301009
2011,"VN","SSP2","mutton",1354731526.89281,1354.73152689281
2012,"VN","SSP2","mutton",1393389726.82037,1393.38972682037
2013,"VN","SSP2","mutton",1432829784.0782,1432.8297840782
2015,"VN","SSP2","mutton",1513921101.6681,1513.9211016681
2020,"VN","SSP2","mutton",1728105644.99918,1728.10564499918
2025,"VN","SSP2","mutton",1955932478.33383,1955.93247833383
2030,"VN","SSP2","mutton",2194554200.79642,2194.55420079642
2035,"VN","SSP2","mutton",2441717505.22105,2441.71750522105
2040,"VN","SSP2","mutton",2695693198.06728,2695.69319806728
2045,"VN","SSP2","mutton",2955206219.336,2955.206219336
2050,"VN","SSP2","mutton",3219365662.48524,3219.36566248524
2010,"CH","SSP1","beef",3844727539.90372,3844.72753990372
2011,"CH","SSP1","beef",4506421882.3274,4506.4218823274
2012,"CH","SSP1","beef",5121814406.45224,5121.81440645224
2013,"CH","SSP1","beef",5696558456.54251,5696.55845654251
2015,"CH","SSP1","beef",6744485630.01154,6744.48563001154
2020,"CH","SSP1","beef",8965204984.83992,8965.20498483992
2025,"CH","SSP1","beef",10902497011.2017,10902.4970112017
2030,"CH","SSP1","beef",12727395605.1084,12727.3956051084
2035,"CH","SSP1","beef",14420993496.1387,14420.9934961387
2040,"CH","SSP1","beef",15809078591.8073,15809.0785918073
2045,"CH","SSP1","beef",16596770321.933,16596.770321933
2050,"CH","SSP1","beef",16403155983.0075,16403.1559830075
2010,"BR","SSP1","beef",2255646913.96039,2255.64691396039
2011,"BR","SSP1","beef",4567365830.62005,4567.36583062005
2012,"BR","SSP1","beef",6706822578.47429,6706.82257847429
2013,"BR","SSP1","beef",8694276936.26849,8694.27693626849
2015,"BR","SSP1","beef",12287669500.8398,12287.6695008398
2020,"BR","SSP1","beef",19783523128.0605,19783.5231280605
2025,"BR","SSP1","beef",26356777952.5418,26356.7779525418
2030,"BR","SSP1","beef",32949466872.2016,32949.4668722017
2035,"BR","SSP1","beef",39926300088.787,39926.300088787
2040,"BR","SSP1","beef",47168879670.7043,47168.8796707043
2045,"BR","SSP1","beef",54169914115.8496,54169.9141158496
2050,"BR","SSP1","beef",60127432914.4384,60127.4329144384
2010,"EG","SSP1","beef",3741576528.89982,3741.57652889982
2011,"EG","SSP1","beef",4505546893.26743,4505.54689326743
2012,"EG","SSP1","beef",5219382785.03973,5219.38278503973
2013,"EG","SSP1","beef",5889100491.18247,5889.10049118247
2015,"EG","SSP1","beef",7118295886.49854,7118.29588649853
2020,"EG","SSP1","beef",9767139114.82989,9767.13911482989
2025,"EG","SSP1","beef",12166363960.8766,12166.3639608766
2030,"EG","SSP1","beef",14594075371.7078,14594.0753717078
2035,"EG","SSP1","beef",17156221130.9988,17156.2211309988
2040,"EG","SSP1","beef",19814587495.5512,19814.5874955512
2045,"EG","SSP1","beef",22414794831.8132,22414.7948318132
2050,"EG","SSP1","beef",24714293252.3993,24714.2932523993
2010,"VN","SSP1","beef",4412612972.78563,4412.61297278563
2011,"VN","SSP1","beef",4413250906.42272,4413.25090642272
2012,"VN","SSP1","beef",4476791903.19902,4476.79190319902
2013,"VN","SSP1","beef",4595021543.99878,4595.02154399878
2015,"VN","SSP1","beef",4970259273.33679,4970.25927333679
2020,"VN","SSP1","beef",6572309486.39977,6572.30948639977
2025,"VN","SSP1","beef",9232105645.90107,9232.10564590107
2030,"VN","SSP1","beef",13687835739.5641,13687.8357395641
2035,"VN","SSP1","beef",21260592643.2334,21260.5926432334
2040,"VN","SSP1","beef",33712433055.1983,33712.4330551983
2045,"VN","SSP1","beef",53104436430.5171,53104.4364305171
2050,"VN","SSP1","beef",81654763915.3416,81654.7639153416
2010,"CH","SSP1","pork",1.615,1.615e-06
2011,"CH","SSP1","pork",1408643069.81195,1408.64306981195
2012,"CH","SSP1","pork",4978877344.46686,4978.87734446686
2013,"CH","SSP1","pork",8253608743.44089,8253.60874344089
2015,"CH","SSP1","pork",14059177747.5954,14059.1777475954
2020,"CH","SSP1","pork",25590120208.1087,25590.1202081087
2025,"CH","SSP1","pork",34884424254.2798,34884.4242542798
2030,"CH","SSP1","pork",43178288836.6524,43178.2888366524
2035,"CH","SSP1","pork",50395569317.0891,50395.5693170891
2040,"CH","SSP1","pork",55387431305.9477,55387.4313059477
2045,"CH","SSP1","pork",56172004499.2569,56172.0044992569
2050,"CH","SSP1","pork",50174036515.8925,50174.0365158925
2010,"BR","SSP1","pork",690026899.39035,690.02689939035
2011,"BR","SSP1","pork",1239746246.95681,1239.74624695681
2012,"BR","SSP1","pork",1749024516.05745,1749.02451605745
2013,"BR","SSP1","pork",2222421430.48593,2222.42143048593
2015,"BR","SSP1","pork",3078463108.859,3078.463108859
2020,"BR","SSP1","pork",4859217782.8294,4859.2177828294
2025,"BR","SSP1","pork",6412732273.78662,6412.73227378662
2030,"BR","SSP1","pork",7980146768.10336,7980.14676810336
2035,"BR","SSP1","pork",9681935888.02103,9681.93588802103
2040,"BR","SSP1","pork",11536544293.6309,11536.5442936309
2045,"BR","SSP1","pork",13479022284.8551,13479.0222848551
2050,"BR","SSP1","pork",15379661403.428,15379.661403428
2010,"EG","SSP1","pork",1166156381.58596,1166.15638158596
2011,"EG","SSP1","pork",1221380626.57872,1221.38062657872
2012,"EG","SSP1","pork",1273999386.782,1273.999386782
2013,"EG","SSP1","pork",1324183173.49319,1324.18317349319
2015,"EG","SSP1","pork",1417887207.89826,1417.88720789826
2020,"EG","SSP1","pork",1619942825.53187,1619.94282553187
2025,"EG","SSP1","pork",1787910892.52029,1787.91089252029
2030,"EG","SSP1","pork",1933162702.53074,1933.16270253074
2035,"EG","SSP1","pork",2063408698.94969,2063.40869894969
2040,"EG","SSP1","pork",2183253988.96847,2183.25398896847
2045,"EG","SSP1","pork",2294753857.66883,2294.75385766883
2050,"EG","SSP1","pork",2397969282.10851,2397.96928210851
2010,"VN","SSP1","pork",1.615,1.615e-06
2011,"VN","SSP1","pork",1470979483.35351,1470.97948335351
2012,"VN","SSP1","pork",6103426950.2523,6103.4269502523
2013,"VN","SSP1","pork",10347394788.4311,10347.3947884311
2015,"VN","SSP1","pork",17857501401.7755,17857.5014017755
2020,"VN","SSP1","pork",32704284766.6847,32704.2847666847
2025,"VN","SSP1","pork",44558978210.5089,44558.9782105089
2030,"VN","SSP1","pork",54958738615.5573,54958.7386155573
2035,"VN","SSP1","pork",63681696032.2579,63681.6960322579
2040,"VN","SSP1","pork",69071427508.4731,69071.4275084731
2045,"VN","SSP1","pork",68361430918.813,68361.430918813
2050,"VN","SSP1","pork",57999598793.9506,57999.5987939506
2010,"CH","SSP1","poultry",1275007389.50212,1275.00738950212
2011,"CH","SSP1","poultry",2752205657.37661,2752.20565737661
2012,"CH","SSP1","poultry",4111209844.8414,4111.2098448414
2013,"CH","SSP1","poultry",5366033338.03269,5366.03333803269
2015,"CH","SSP1","poultry",7613940342.6925,7613.9403426925
2020,"CH","SSP1","poultry",12194705011.0211,12194.7050110211
2025,"CH","SSP1","poultry",16035286640.679,16035.286640679
2030,"CH","SSP1","poultry",19622663341.4768,19622.6633414768
2035,"CH","SSP1","poultry",22993205634.4591,22993.2056344591
2040,"CH","SSP1","poultry",25813075999.5183,25813.0759995183
2045,"CH","SSP1","poultry",27458628423.0086,27458.6284230086
2050,"CH","SSP1","poultry",27096807945.3602,27096.8079453602
2010,"BR","SSP1","poultry",3.14,3.14e-06
2011,"BR","SSP1","poultry",2768054467.13132,2768.05446713132
2012,"BR","SSP1","poultry",5451774930.9199,5451.7749309199
2013,"BR","SSP1","poultry",7963250485.74727,7963.25048574727
2015,"BR","SSP1","poultry",12553681590.8484,12553.6815908484
2020,"BR","SSP1","poultry",22393847472.9303,22393.8474729303
2025,"BR","SSP1","poultry",31517661748.4963,31517.6617484963
2030,"BR","SSP1","poultry",41524127050.8533,41524.1270508533
2035,"BR","SSP1","poultry",53555199495.8787,53555.1994958787
2040,"BR","SSP1","poultry",68347044743.8057,68347.0447438057
2045,"BR","SSP1","poultry",86281294061.0094,86281.2940610094
2050,"BR","SSP1","poultry",107436300381.793,107436.300381793
2010,"EG","SSP1","poultry",1770031565.19742,1770.03156519742
2011,"EG","SSP1","poultry",2730248175.69371,2730.24817569371
2012,"EG","SSP1","poultry",3614182028.73371,3614.18202873371
2013,"EG","SSP1","poultry",4430936307.04877,4430.93630704877
2015,"EG","SSP1","poultry",5895756658.9135,5895.7566589135
2020,"EG","SSP1","poultry",8885963793.83161,8885.96379383161
2025,"EG","SSP1","poultry",11381430734.9694,11381.4307349694
2030,"EG","SSP1","poultry",13664042997.4548,13664.0429974548
2035,"EG","SSP1","poultry",15712168326.9482,15712.1683269482
2040,"EG","SSP1","poultry",17256031180.0644,17256.0311800644
2045,"EG","SSP1","poultry",17833087204.7947,17833.0872047947
2050,"EG","SSP1","poultry",16843397720.9289,16843.3977209289
2010,"VN","SSP1","poultry",1990428261.8762,1990.4282618762
2011,"VN","SSP1","poultry",2628446088.23043,2628.44608823043
2012,"VN","SSP1","poultry",3291585073.01256,3291.58507301256
2013,"VN","SSP1","poultry",3975614832.94794,3975.61483294794
2015,"VN","SSP1","poultry",5397256663.29803,5397.25666329803
2020,"VN","SSP1","poultry",9311857516.77926,9311.85751677926
2025,"VN","SSP1","poultry",14275371571.9802,14275.3715719802
2030,"VN","SSP1","poultry",21564619028.8046,21564.6190288046
2035,"VN","SSP1","poultry",33036163438.5216,33036.1634385216
2040,"VN","SSP1","poultry",50970375604.8887,50970.3756048887
2045,"VN","SSP1","poultry",77915497485.2747,77915.4974852747
2050,"VN","SSP1","poultry",116531706091.782,116531.706091782
2010,"CH","SSP1","mutton",1015925190.18538,1015.92519018538
2011,"CH","SSP1","mutton",1365754853.46524,1365.75485346524
2012,"CH","SSP1","mutton",1689211336.77264,1689.21133677264
2013,"CH","SSP1","mutton",1989437534.78454,1989.43753478454
2015,"CH","SSP1","mutton",2531575429.26679,2531.57542926679
2020,"CH","SSP1","mutton",3655611458.69403,3655.61145869403
2025,"CH","SSP1","mutton",4613959423.36721,4613.95942336721
2030,"CH","SSP1","mutton",5511807340.83006,5511.80734083006
2035,"CH","SSP1","mutton",6351980048.6718,6351.9800486718
2040,"CH","SSP1","mutton",7053314151.92891,7053.31415192891
2045,"CH","SSP1","mutton",7469032970.487,7469.032970487
2050,"CH","SSP1","mutton",7405121486.48259,7405.12148648259
2010,"BR","SSP1","mutton",1329606805.77039,1329.60680577039
2011,"BR","SSP1","mutton",1350537117.96151,1350.53711796151
2012,"BR","SSP1","mutton",1372824600.25947,1372.82460025947
2013,"BR","SSP1","mutton",1396342750.01449,1396.34275001449
2015,"BR","SSP1","mutton",1446591016.94188,1446.59101694188
2020,"BR","SSP1","mutton",1585871808.87718,1585.87180887718
2025,"BR","SSP1","mutton",1735318369.72989,1735.31836972989
2030,"BR","SSP1","mutton",1885549297.51097,1885.54929751097
2035,"BR","SSP1","mutton",2029613660.46479,2029.61366046479
2040,"BR","SSP1","mutton",2162672057.44507,2162.67205744507
2045,"BR","SSP1","mutton",2281677678.29098,2281.67767829098
2050,"BR","SSP1","mutton",2385057364.20305,2385.05736420305
2010,"EG","SSP1","mutton",1329606805.77039,1329.60680577039
2011,"EG","SSP1","mutton",1350537117.96151,1350.53711796151
2012,"EG","SSP1","mutton",1372824600.25947,1372.82460025947
2013,"EG","SSP1","mutton",1396342750.01449,1396.34275001449
2015,"EG","SSP1","mutton",1446591016.94188,1446.59101694188
2020,"EG","SSP1","mutton",1585871808.87718,1585.87180887718
2025,"EG","SSP1","mutton",1735318369.72989,1735.31836972989
2030,"EG","SSP1","mutton",1885549297.51097,1885.54929751097
2035,"EG","SSP1","mutton",2029613660.46479,2029.61366046479
2040,"EG","SSP1","mutton",2162672057.44507,2162.67205744507
2045,"EG","SSP1","mutton",2281677678.29098,2281.67767829098
2050,"EG","SSP1","mutton",2385057364.20305,2385.05736420305
2010,"VN","SSP1","mutton",1314179415.95913,1314.17941595913
2011,"VN","SSP1","mutton",1350961319.95857,1350.96131995857
2012,"VN","SSP1","mutton",1388028097.36011,1388.02809736011
2013,"VN","SSP1","mutton",1425374764.69844,1425.37476469844
2015,"VN","SSP1","mutton",1500891243.57411,1500.89124357411
2020,"VN","SSP1","mutton",1694355847.84655,1694.35584784655
2025,"VN","SSP1","mutton",1894391114.48874,1894.39111448874
2030,"VN","SSP1","mutton",2101077488.66496,2101.07748866496
2035,"VN","SSP1","mutton",2314653185.37798,2314.65318537798
2040,"VN","SSP1","mutton",2535409399.8555,2535.4093998555
2045,"VN","SSP1","mutton",2763585517.93669,2763.58551793669
2050,"VN","SSP1","mutton",2999264326.45866,2999.26432645866
2010,"CH","SSP3","beef",3924760254.72546,3924.76025472546
2011,"CH","SSP3","beef",4541457912.3281,4541.4579123281
2012,"CH","SSP3","beef",5126532272.25581,5126.53227225581
2013,"CH","SSP3","beef",5682529269.6868,5682.5292696868
2015,"CH","SSP3","beef",6716891182.96685,6716.89118296685
2020,"CH","SSP3","beef",8950192936.45977,8950.19293645977
2025,"CH","SSP3","beef",10860438606.6551,10860.4386066551
2030,"CH","SSP3","beef",12622253790.3425,12622.2537903425
2035,"CH","SSP3","beef",14356693099.8407,14356.6930998407
2040,"CH","SSP3","beef",16138816673.1876,16138.8166731876
2045,"CH","SSP3","beef",18005266684.3303,18005.2666843303
2050,"CH","SSP3","beef",19961843853.3157,19961.8438533157
2010,"BR","SSP3","beef",2524404275.24821,2524.40427524821
2011,"BR","SSP3","beef",4653698749.12025,4653.69874912025
2012,"BR","SSP3","beef",6644478881.442,6644.478881442
2013,"BR","SSP3","beef",8507438195.73506,8507.43819573506
2015,"BR","SSP3","beef",11890291439.0103,11890.2914390103
2020,"BR","SSP3","beef",18769638579.191,18769.638579191
2025,"BR","SSP3","beef",24163054093.8976,24163.0540938976
2030,"BR","SSP3","beef",28821541933.2616,28821.5419332616
2035,"BR","SSP3","beef",33276965519.8637,33276.9655198637
2040,"BR","SSP3","beef",37872511669.1579,37872.5116691579
2045,"BR","SSP3","beef",42793154509.8963,42793.1545098963
2050,"BR","SSP3","beef",48096119404.5537,48096.1194045537
2010,"EG","SSP3","beef",3831538110.48538,3831.53811048538
2011,"EG","SSP3","beef",4546352866.30591,4546.35286630591
2012,"EG","SSP3","beef",5223261178.20959,5223.26117820959
2013,"EG","SSP3","beef",5865339413.39415,5865.33941339415
2015,"EG","SSP3","beef",7056609449.88888,7056.60944988888
2020,"EG","SSP3","beef",9614200410.99254,9614.20041099254
2025,"EG","SSP3","beef",11789715018.9684,11789.7150189684
2030,"EG","SSP3","beef",13795029846.439,13795.029846439
2035,"EG","SSP3","beef",15777584789.7118,15777.5847897118
2040,"EG","SSP3","beef",17829473845.0131,17829.4738450131
2045,"EG","SSP3","beef",19996535884.7225,19996.5358847226
2050,"EG","SSP3","beef",22287445433.6067,22287.4454336067
2010,"VN","SSP3","beef",4390892074.68819,4390.89207468819
2011,"VN","SSP3","beef",4466014984.31456,4466.01498431456
2012,"VN","SSP3","beef",4557399415.10937,4557.39941510937
2013,"VN","SSP3","beef",4664702565.30175,4664.70256530175
2015,"VN","SSP3","beef",4925728321.40848,4925.72832140848
2020,"VN","SSP3","beef",5834190494.7222,5834.1904947222
2025,"VN","SSP3","beef",7078482964.76655,7078.48296476655
2030,"VN","SSP3","beef",8624842052.28641,8624.84205228641
2035,"VN","SSP3","beef",10443355819.6589,10443.3558196589
2040,"VN","SSP3","beef",12507783861.9179,12507.7838619179
2045,"VN","SSP3","beef",14795377097.7787,14795.3770977787
2050,"VN","SSP3","beef",17286697560.6628,17286.6975606627
2010,"CH","SSP3","pork",1.615,1.615e-06
2011,"CH","SSP3","pork",1508603281.74422,1508.60328174422
2012,"CH","SSP3","pork",4800256972.9621,4800.2569729621
2013,"CH","SSP3","pork",7856398859.67455,7856.39885967455
2015,"CH","SSP3","pork",13333767111.4367,13333.7671114367
2020,"CH","SSP3","pork",24075154211.9297,24075.1542119297
2025,"CH","SSP3","pork",31965716147.1583,31965.7161471583
2030,"CH","SSP3","pork",38346610517.2814,38346.6105172814
2035,"CH","SSP3","pork",44174233571.2972,44174.2335712972
2040,"CH","SSP3","pork",50073364911.9363,50073.3649119363
2045,"CH","SSP3","pork",56390312200.5556,56390.3122005556
2050,"CH","SSP3","pork",63246055862.0314,63246.0558620314
2010,"BR","SSP3","pork",748227276.298618,748.227276298618
2011,"BR","SSP3","pork",1260419632.51741,1260.41963251741
2012,"BR","SSP3","pork",1738838588.93964,1738.83858893964
2013,"BR","SSP3","pork",2186107166.51295,2186.10716651295
2015,"BR","SSP3","pork",2997100114.33074,2997.10011433074
2020,"BR","SSP3","pork",4641039498.03942,4641.03949803942
2025,"BR","SSP3","pork",5925206147.30308,5925.20614730308
2030,"BR","SSP3","pork",7033354270.26497,7033.35427026497
2035,"BR","SSP3","pork",8095355800.41093,8095.35580041093
2040,"BR","SSP3","pork",9194724633.6471,9194.7246336471
2045,"BR","SSP3","pork",10376140865.3778,10376.1408653778
2050,"BR","SSP3","pork",11652975027.5831,11652.9750275831
2010,"EG","SSP3","pork",1167759415.40049,1167.75941540049
2011,"EG","SSP3","pork",1226737301.84155,1226.73730184155
2012,"EG","SSP3","pork",1283983376.28031,1283.98337628031
2013,"EG","SSP3","pork",1339679466.18056,1339.67946618056
2015,"EG","SSP3","pork",1447101130.31814,1447.10113031814
2020,"EG","SSP3","pork",1699460251.45152,1699.46025145152
2025,"EG","SSP3","pork",1940832786.35902,1940.83278635902
2030,"EG","SSP3","pork",2182271590.42288,2182.27159042288
2035,"EG","SSP3","pork",2430553569.18592,2430.55356918592
2040,"EG","SSP3","pork",2688846880.68817,2688.84688068817
2045,"EG","SSP3","pork",2957378137.80354,2957.37813780354
2050,"EG","SSP3","pork",3234099610.57654,3234.09961057654
2010,"VN","SSP3","pork",1.615,1.615e-06
2011,"VN","SSP3","pork",1596551581.88738,1596.55158188738
2012,"VN","SSP3","pork",5863652232.95767,5863.65223295767
2013,"VN","SSP3","pork",9823839288.90962,9823.83928890962
2015,"VN","SSP3","pork",16916496896.1071,16916.4968961071
2020,"VN","SSP3","pork",30796150328.5031,30796.1503285031
2025,"VN","SSP3","pork",40948071724.8827,40948.0717248827
2030,"VN","SSP3","pork",49115044513.4503,49115.0445134503
2035,"VN","SSP3","pork",56540401591.27,56540.40159127
2040,"VN","SSP3","pork",64036973442.5065,64036.9734425065
2045,"VN","SSP3","pork",72056036256.6661,72056.0362566661
2050,"VN","SSP3","pork",80756260046.8377,80756.2600468377
2010,"CH","SSP3","poultry",1449110479.53251,1449.11047953251
2011,"CH","SSP3","poultry",2801253190.4385,2801.2531904385
2012,"CH","SSP3","poultry",4063754706.19452,4063.75470619452
2013,"CH","SSP3","poultry",5243418290.63484,5243.41829063484
2015,"CH","SSP3","poultry",7379936552.47727,7379.93655247727
2020,"CH","SSP3","poultry",11691029217.7903,11691.0292177903
2025,"CH","SSP3","poultry",15019539438.6649,15019.5394386649
2030,"CH","SSP3","poultry",17844201986.4595,17844.2019864595
2035,"CH","SSP3","poultry",20504633428.9328,20504.6334289328
2040,"CH","SSP3","poultry",23220630118.4782,23220.6301184782
2045,"CH","SSP3","poultry",26111466180.3588,26111.4661803588
2050,"CH","SSP3","poultry",29215191500.9424,29215.1915009424
2010,"BR","SSP3","poultry",210553698.049345,210.553698049345
2011,"BR","SSP3","poultry",2880642868.08678,2880.64286808678
2012,"BR","SSP3","poultry",5372974326.93627,5372.97432693627
2013,"BR","SSP3","poultry",7701465298.5428,7701.4652985428
2015,"BR","SSP3","poultry",11919511543.8459,11919.5115438459
2020,"BR","SSP3","poultry",20455576027.037,20455.576027037
2025,"BR","SSP3","poultry",27122453356.8689,27122.4533568689
2030,"BR","SSP3","poultry",32900029521.1945,32900.0295211945
2035,"BR","SSP3","poultry",38483839051.6301,38483.8390516302
2040,"BR","SSP3","poultry",44324533788.7117,44324.5337887117
2045,"BR","SSP3","poultry",50667351647.0516,50667.3516470516
2050,"BR","SSP3","poultry",57591585380.4946,57591.5853804946
2010,"EG","SSP3","poultry",1883915377.40342,1883.91537740342
2011,"EG","SSP3","poultry",2764817292.30896,2764.81729230896
2012,"EG","SSP3","poultry",3589779555.36173,3589.77955536173
2013,"EG","SSP3","poultry",4363068280.89273,4363.06828089273
2015,"EG","SSP3","poultry",5770739105.15271,5770.73910515271
2020,"EG","SSP3","poultry",8648482991.85572,8648.48299185572
2025,"EG","SSP3","poultry",10916029440.7767,10916.0294407767
2030,"EG","SSP3","poultry",12872461731.1257,12872.4617311257
2035,"EG","SSP3","poultry",14729249800.761,14729.249800761
2040,"EG","SSP3","poultry",16622436028.8898,16622.4360288898
2045,"EG","SSP3","poultry",18624821018.7713,18624.8210187713
2050,"EG","SSP3","poultry",20758149380.4173,20758.1493804173
2010,"VN","SSP3","poultry",2033274817.14413,2033.27481714413
2011,"VN","SSP3","poultry",2703051414.95604,2703.05141495604
2012,"VN","SSP3","poultry",3344377967.42003,3344.37796742003
2013,"VN","SSP3","poultry",3960420565.07275,3960.42056507275
2015,"VN","SSP3","poultry",5128586923.62034,5128.58692362034
2020,"VN","SSP3","poultry",7800646262.89861,7800.64626289861
2025,"VN","SSP3","poultry",10341940898.0465,10341.9408980465
2030,"VN","SSP3","poultry",12968461711.0428,12968.4617110428
2035,"VN","SSP3","poultry",15829266266.6953,15829.2662666953
2040,"VN","SSP3","poultry",19016042676.5579,19016.0426765579
2045,"VN","SSP3","poultry",22572673462.8483,22572.6734628483
2050,"VN","SSP3","poultry",26504799422.365,26504.799422365
2010,"CH","SSP3","mutton",1056794720.3966,1056.7947203966
2011,"CH","SSP3","mutton",1379998009.11506,1379.99800911506
2012,"CH","SSP3","mutton",1683894582.92617,1683.89458292617
2013,"CH","SSP3","mutton",1969976051.35696,1969.97605135696
2015,"CH","SSP3","mutton",2494326054.32116,2494.32605432116
2020,"CH","SSP3","mutton",3585276496.26788,3585.27649626788
2025,"CH","SSP3","mutton",4468871483.2554,4468.8714832554
2030,"CH","SSP3","mutton",5249271279.14363,5249.27127914363
2035,"CH","SSP3","mutton",5999860596.35545,5999.86059635545
2040,"CH","SSP3","mutton",6767538217.59848,6767.53821759848
2045,"CH","SSP3","mutton",7577006617.58679,7577.00661758679
2050,"CH","SSP3","mutton",8435061584.7627,8435.0615847627
2010,"BR","SSP3","mutton",1331690571.08948,1331.69057108948
2011,"BR","SSP3","mutton",1356264372.48865,1356.26437248865
2012,"BR","SSP3","mutton",1383063994.8173,1383.0639948173
2013,"BR","SSP3","mutton",1411973752.9688,1411.9737529688
2015,"BR","SSP3","mutton",1475679862.60274,1475.67986260274
2020,"BR","SSP3","mutton",1664489143.35918,1664.48914335918
2025,"BR","SSP3","mutton",1886355969.49309,1886.35596949309
2030,"BR","SSP3","mutton",2131556944.79454,2131.55694479454
2035,"BR","SSP3","mutton",2392198272.97914,2392.19827297914
2040,"BR","SSP3","mutton",2662006309.95767,2662.00630995767
2045,"BR","SSP3","mutton",2936118116.10579,2936.11811610579
2050,"BR","SSP3","mutton",3210872008.53377,3210.87200853377
2010,"EG","SSP3","mutton",1331690571.08948,1331.69057108948
2011,"EG","SSP3","mutton",1356264372.48865,1356.26437248865
2012,"EG","SSP3","mutton",1383063994.8173,1383.0639948173
2013,"EG","SSP3","mutton",1411973752.9688,1411.9737529688
2015,"EG","SSP3","mutton",1475679862.60274,1475.67986260274
2020,"EG","SSP3","mutton",1664489143.35918,1664.48914335918
2025,"EG","SSP3","mutton",1886355969.49309,1886.35596949309
2030,"EG","SSP3","mutton",2131556944.79454,2131.55694479454
2035,"EG","SSP3","mutton",2392198272.97914,2392.19827297914
2040,"EG","SSP3","mutton",2662006309.95767,2662.00630995767
2045,"EG","SSP3","mutton",2936118116.10579,2936.11811610579
2050,"EG","SSP3","mutton",3210872008.53377,3210.87200853377
2010,"VN","SSP3","mutton",1318014910.12775,1318.01491012775
2011,"VN","SSP3","mutton",1357271170.24891,1357.27117024891
2012,"VN","SSP3","mutton",1397738232.38028,1397.73823238028
2013,"VN","SSP3","mutton",1439379565.07566,1439.37956507566
2015,"VN","SSP3","mutton",1526040379.65724,1526.04037965724
2020,"VN","SSP3","mutton",1760742209.68864,1760.74220968864
2025,"VN","SSP3","mutton",2017782697.20485,2017.78269720485
2030,"VN","SSP3","mutton",2293028488.52389,2293.02848852389
2035,"VN","SSP3","mutton",2582564322.16731,2582.56432216731
2040,"VN","SSP3","mutton",2882706771.72851,2882.70677172851
2045,"VN","SSP3","mutton",3190017988.74112,3190.01798874112
2050,"VN","SSP3","mutton",3501319445.54742,3501.31944554742
